_id,media_type,post_permalink,tag_name,s3_url,timestamp,caption,text
5f0a334b01c7a068cc4097d6,image,https://sharechat.com/post/e4G7Kd4,ЁЯМ╝ рд╕реНрдХрд┐рди рдкреНрд░реЙрдмреНрд▓рдо,https://s3.ap-south-1.amazonaws.com/sharechat-scraper.tattle.co.in/d1df0e67-ccdc-42b4-98f6-e05762aca074.jpg,2020-07-10 15:48:27,#ЁЯМ╝ рд╕реНрдХрд┐рди рдкреНрд░реЙрдмреНрд▓рдо,
5f07e444002c2300640a6f8c,video,https://sharechat.com/post/G73Qbdm,ЁЯЩВ рдлрд┐рдЯрдиреЗрд╕ рдордВрддреНрд░,https://s3.ap-south-1.amazonaws.com/sharechat-scraper.tattle.co.in/dca5be81-25bc-4325-90ed-9c0df2206730.mp4,2020-07-09 21:12:39,human body facts #ЁЯЩВ рдлрд┐рдЯрдиреЗрд╕ рдордВрддреНрд░,
5efbdfc64e94b3aeb482422f,image,https://sharechat.com/post/pxEd4me,ЁЯФОрдлреЗрдХ рдиреНрдпреВреЫ рд╕реЗ рдмрдЪреЗрдВ,https://s3.ap-south-1.amazonaws.com/sharechat-scraper.tattle.co.in/75220154-0c90-4faa-9fdf-7014e2690fcf.jpg,2020-06-30 09:54:07,#ЁЯУ░рдЖрдЬ рдХрд╛ рдЕрдЦрд╝рдмрд╛рд░ #ЁЯЩП рд░рд╛рдзрд╛ рд░рд╛рдиреА #ЁЯФОрдлреЗрдХ рдиреНрдпреВреЫ рд╕реЗ рдмрдЪреЗрдВ #ЁЯХЙ рд╢рд┐рд╡ рднрдЬрди #ЁЯМ╕ рдЬрдп рд╢реНрд░реА рдХреГрд╖реНрдг,
5ed4c49afa2885ed25541d06,text,https://sharechat.com/post/1DeMZl6,ЁЯШЯрдЯрд┐рдбреНрдбрд┐рдпреЛрдВ рдХрд╛ рд╣рдорд▓рд╛ЁЯжЯ,https://s3.ap-south-1.amazonaws.com/sharechat-scraper.tattle.co.in/925dfef2-6f13-4f70-a5cf-e693d1e30ad7.txt,2020-05-26 10:01:58,, #ЁЯШЯрдЯрд┐рдбреНрдбрд┐рдпреЛрдВ рдХрд╛ рд╣рдорд▓рд╛ЁЯжЯ
5f0e3ce0f01a30300e739ea1,video,https://sharechat.com/post/G7qWRdm,ЁЯШОрдЧреБрдЬрд░рд╛рдд рдХрд╛ рдЧрд░реНрд╡: рд╕реБрдиреАрддрд╛ рдпрд╛рджрд╡,https://s3.ap-south-1.amazonaws.com/sharechat-scraper.tattle.co.in/e3dfa39c-41ce-4f83-aa41-74691698de9e.mp4,2020-07-13 08:16:15,#ЁЯШОрдЧреБрдЬрд░рд╛рдд рдХрд╛ рдЧрд░реНрд╡: рд╕реБрдиреАрддрд╛ рдпрд╛рджрд╡ рдЧреБрдЬрд░рд╛рдд рдореЗрдВ рдХрд░реНрдлреНрдпреВ рддреЛреЬ рд░рд╣реЗ рд▓реЬрдХреЛрдВ рдХреЛ рд╕рдмрдХ / рдордВрддреНрд░реА рдХреЗ рдмреЗрдЯреЗ рдиреЗ рдзрдордХреА рджреА рддреЛ рдорд╣рд┐рд▓рд╛ рдХреЙрдиреНрд╕реНрдЯреЗрдмрд▓ рдмреЛрд▓реА- рдпреЗ рдкреБрд▓рд┐рд╕ рдХреА рд╡рд░реНрджреА рддреБрдореНрд╣рд╛рд░реЗ рдмрд╛рдк рдХреА рдЧреБрд▓рд╛рдореА рдХреЗ рд▓рд┐рдП рдирд╣реАрдВ рдкрд╣рдиреА,
5f0e3cf6f01a30300e73a26a,text,https://sharechat.com/post/BbOQDnO,ЁЯЩВ рдлрд┐рдЯрдиреЗрд╕ рдордВрддреНрд░,https://s3.ap-south-1.amazonaws.com/sharechat-scraper.tattle.co.in/94e77015-6a42-4a34-90c8-1ff8d65ab40a.txt,2020-06-16 14:35:38,,"рдпреЛрдЧ рдХрд░рдиреЗ рд╕реЗ рдкреНрд░реЗрдорд░реЛрдЧ..!!ЁЯШН 
    
рднреА рдареАрдХ рд╣реЛ рд╕рдХрддрд╛ рд╣реИ рдХреНрдпрд╛ ...??
ЁЯдФ





 #ЁЯЩВ рдлрд┐рдЯрдиреЗрд╕ рдордВрддреНрд░ "
5e95d6025b927fa51b48b56b,image,https://sharechat.com/post/wJbmJ8M,ЁЯМР рд░рд╛рд╖реНрдЯреНрд░реАрдп-рдЕрдВрддрд░рд╛рд╖реНрдЯреНрд░реАрдп рдЦрдмрд░реЗрдВ,https://s3.ap-south-1.amazonaws.com/sharechat-scraper.tattle.co.in/76977bff-576d-484e-9f79-28c80c194a7b.jpg,2020-04-12 20:11:14,#ЁЯМР рд░рд╛рд╖реНрдЯреНрд░реАрдп-рдЕрдВрддрд░рд╛рд╖реНрдЯреНрд░реАрдп рдЦрдмрд░реЗрдВ,
5f0bdb5545b62c556f538b0b,video,https://sharechat.com/post/vnKKVg8,ЁЯЩВ рдлрд┐рдЯрдиреЗрд╕ рдордВрддреНрд░,https://s3.ap-south-1.amazonaws.com/sharechat-scraper.tattle.co.in/fab38fc0-250c-438c-81d3-2d9a085ab03e.mp4,2020-07-12 07:00:29,"Elbow knee crunches. рдЬрд╝реНрдпрд╛рджрд╛ рдореБрд╢реНрдХрд┐рд▓ рдирд╣реАрдВ рд╣реИред
https://www.youtube.com/channel/UCOcxlIkBH2-n77-fcBLoWNA #ЁЯТБЁЯП╗тАНтЩАя╕ПрдШрд░реЗрд▓реВ рдиреБрд╕реНрдЦреЗ  #ЁЯТк рдлрд┐рдЯрдиреЗрд╕ рдЯрд┐рдкреНрд╕  #ЁЯЩВ рдлрд┐рдЯрдиреЗрд╕ рдордВрддреНрд░",
5ef93efe464ffd1002feff32,image,https://sharechat.com/post/b4ENbe1,ЁЯСН рдореЛрджреА рдлреИрди рдХреНрд▓рдм,https://s3.ap-south-1.amazonaws.com/sharechat-scraper.tattle.co.in/3596a8b2-155b-44ce-8aa7-0aa84f06aa03.jpg,2020-06-28 17:35:14,#ЁЯСН рдореЛрджреА рдлреИрди рдХреНрд▓рдм,
5f0e3cfbf01a30300e73a318,video,https://sharechat.com/post/qRAJpal,ЁЯдл рдлрд┐рдЯрдиреЗрд╕ рд╕реАрдХреНрд░реЗрдЯ,https://s3.ap-south-1.amazonaws.com/sharechat-scraper.tattle.co.in/d52c3816-15f2-412c-a298-7e495133daa9.mp4,2020-04-06 13:42:36,#ЁЯдл рдлрд┐рдЯрдиреЗрд╕ рд╕реАрдХреНрд░реЗрдЯ #ЁЯТкрдЬрд┐рдо рд╡рд░реНрдХрдЖрдЙрдЯ,
5ef0b70fb5289a6d8d1e2aee,text,https://sharechat.com/post/64MPDZ0,ЁЯШирд╕реВрд░реНрдпрдЧреНрд░рд╣рдг рдХреЗ рдмрд╛рдж рднреВрдХрдВрдк,https://s3.ap-south-1.amazonaws.com/sharechat-scraper.tattle.co.in/45c4c2cd-d28f-4963-a39d-84a971c19e42.txt,2020-06-08 17:22:06,,#ЁЯШирдлрд┐рд░ рдЖрдпрд╛ рднреВрдХрдВрдк 
5f0a331801c7a068cc408f3a,video,https://sharechat.com/post/PQl8Z0w,ЁЯУ░рдорд╣рд╛рд░рд╛рд╖реНрдЯреНрд░ рдХреА рдЦрдмрд░реЗрдВ,https://s3.ap-south-1.amazonaws.com/sharechat-scraper.tattle.co.in/bf3d15f6-960b-416e-bad6-1cf8148c2106.mp4,2020-04-22 18:06:13,рдЖрд╡рд╛рдЬ рдмреБрд▓рдВрдж рдХрд░реЗ рд╣рд┐рдВрджреВ рдзрд░реНрдо тЭдя╕ПЁЯЪйЁЯЪй #ЁЯУ░рдорд╣рд╛рд░рд╛рд╖реНрдЯреНрд░ рдХреА рдЦрдмрд░реЗрдВ #ЁЯУ║ рджреБрдирд┐рдпрд╛ рднрд░ рдХреА реЩрдмрд░реЗрдВ #ЁЯШардкрд╛рд▓рдШрд░ рдореЙрдм рд▓рд┐рдВрдЪрд┐рдВрдЧ #ЁЯМР рд░рд╛рд╖реНрдЯреНрд░реАрдп-рдЕрдВрддрд░рд╛рд╖реНрдЯреНрд░реАрдп рдЦрдмрд░реЗрдВ #ЁЯУ░рдЖрдЬ рдХрд╛ рдЕрдЦрд╝рдмрд╛рд░,
5ef6a45dafedc306889bf5f9,image,https://sharechat.com/post/8n4dqww,ЁЯСН рдореЛрджреА рдлреИрди рдХреНрд▓рдм,https://s3.ap-south-1.amazonaws.com/sharechat-scraper.tattle.co.in/5829a62b-c79a-4a7e-82c4-67d90a508f8a.jpg,2020-06-26 18:01:36,#ЁЯСН рдореЛрджреА рдлреИрди рдХреНрд▓рдм,
5f0e7e0e863d3ae5b8e4c7e3,image,https://sharechat.com/post/96mWBb9,ЁЯФЦрд╡реБрдореЗрди рд╣реЗрд▓реНрде рдЯрд┐рдкреНрд╕,https://s3.ap-south-1.amazonaws.com/sharechat-scraper.tattle.co.in/3b880f02-4464-4e40-abff-a5f36aa29603.jpg,2020-07-14 11:55:54,"#ЁЯФЦрд╡реБрдореЗрди рд╣реЗрд▓реНрде рдЯрд┐рдкреНрд╕ 
https://m.youtube.com/channel/UCvvX8eph29Myd9N9ceE9gNw
ЁЯСЖFull_video_my_YouTube_channelЁЯСЖ",
5effd14c5a4ec40ec61a48dc,image,https://sharechat.com/post/3EKZAxj,ЁЯМ┐рджрд╛рджреА рдирд╛рдиреА рдХреЗ рдиреБрд╕реНрдЦреЗ,https://s3.ap-south-1.amazonaws.com/sharechat-scraper.tattle.co.in/a061a75e-2219-4741-8448-f1b29b86440f.jpg,2020-07-01 15:49:26,#ЁЯМ┐рджрд╛рджреА рдирд╛рдиреА рдХреЗ рдиреБрд╕реНрдЦреЗ,
5eccd3a34952620eca765230,image,https://sharechat.com/post/NmAa13d,ЁЯМР рд░рд╛рд╖реНрдЯреНрд░реАрдп-рдЕрдВрддрд░рд╛рд╖реНрдЯреНрд░реАрдп рдЦрдмрд░реЗрдВ,https://s3.ap-south-1.amazonaws.com/sharechat-scraper.tattle.co.in/6eed6a38-ef2a-4c07-83d7-2636cf258c66.jpg,2020-05-25 03:11:01,"#ЁЯФп рдЬреНрдпреЛрддрд┐рд╖ ЁЯМ┤Online All Problem SolutionЁЯМ┤ with in 72 hours world famous astrologer sharma  ji here one ЁЯМ┐call change your life тШО +91-7451000086
ЁЯМ┐рд╕рдорд╕реНрдпрд╛ рдЪрд╛рд╣реЗ рдХреИрд╕реА рднреА рд╣реЛ рдЬреЬ рд╕реЗ рдЦрддреНрдоред
рдмреЬреА рд╕реЗ рдмреЬреА рд╕рдорд╕реНрдпрд╛ рдХрд╛ рд╕рдорд╛рдзрд╛рдиред рдорд╛рддрд╛- рдмрд╣рдиреЛ рдХреЗ рд▓рд┐рдП рд╡рд┐рд╢реЗрд╖ рдФрд░ рдлреНрд░реА рдореЗрдВ рд╕рдорд╛рдзрд╛рдиред
рдЕрдкрдиреЗ рдорди рдЪрд╛рд╣реЗ рдкреНрдпрд╛рд░ рдХреЛ рдкрд╛рдирд╛, рдХрд╛рдо рдХрд╛рд░реЛрдмрд╛рд░, рдХрд┐рдпрд╛ рдХрд░рд╛рдпрд╛, рд╕реЛрддрди рд╕реЗ рдЫреБрдЯрдХрд╛рд░рд╛, рдкрддрд┐ - рдкрддреНрдиреА рдореЗрдВ рдЕрдирдмрди,
ЁЯУЮWhatsapp and call now +91-7451000086
1тГгlove problem solve ЁЯМ▓
2тГгhusband wife ЁЯТФ relationship problem solution
3тГгbusiness in loss. ЁЯУЙ
4тГгdivorce problems solveЁЯМ┐
5тГгchildless problem solveтШВтШГтШГ
6тГгlove problem solve 101% Om Sai Ram Namho Namha
тШО! +91-7451000086 !!! 
http://www.lovemarriagespecialist.us #ЁЯМР рд░рд╛рд╖реНрдЯреНрд░реАрдп-рдЕрдВрддрд░рд╛рд╖реНрдЯреНрд░реАрдп рдЦрдмрд░реЗрдВ #ЁЯМЯрдЬреНрдпреЛрддрд┐рд╖ рдЙрдкрд╛рдп #ЁЯМ╕ рдЬреНрдпреЛрддрд┐рд╖ рд╕рд╣рд╛рдпрддрд╛ #ЁЯФпрдЬреНрдпреЛрддрд┐рд╖",
5f0e3d0cf01a30300e73a621,image,https://sharechat.com/post/z3rAXKX,ЁЯСЙ рд╕реНрддреНрд░реАрд░реЛрдЧ,https://s3.ap-south-1.amazonaws.com/sharechat-scraper.tattle.co.in/c3e1c6b2-9f74-482e-923d-509af7fa909e.jpg,2020-07-12 15:26:08,"#ЁЯСЙ рд╕реНрддреНрд░реАрд░реЛрдЧ 
https://m.youtube.com/channel/UCvvX8eph29Myd9N9ceE9gNw
ЁЯСЖFull_video_my_YouTube_channelЁЯСЖ",
5eccd3264952620eca7649bf,image,https://sharechat.com/post/MpGwkyk,ЁЯШ│рдХреЛрд░реЛрдирд╛: рдирд╣реАрдВ рдердо рд░рд╣рд╛ реШрд╣рд░,https://s3.ap-south-1.amazonaws.com/sharechat-scraper.tattle.co.in/06679574-a227-4e5d-a5a2-0bae5d8eba39.jpg,2020-05-21 17:08:33,#ЁЯШ│рдХреЛрд░реЛрдирд╛: рдирд╣реАрдВ рдердо рд░рд╣рд╛ реШрд╣рд░ #тЭдя╕ПрдХрд░ рднрд▓рд╛ рддреЛ рд╣реЛ рднрд▓рд╛ #тЪардЪрдХреНрд░рд╡рд╛рддреА рддреВрдлрд╛рди рдПрдордлрдиЁЯФ║ #ЁЯМОрджреБрдирд┐рдпрд╛ рдореЗрдВ рдХреЛрд░реЛрдирд╛ рдХрд╛ реШрд╣рд░,
5e95d6045b927fa51b48b597,image,https://sharechat.com/post/px6KGBg,ЁЯУ░ рд▓реЛрдХрд▓ рдиреНрдпреВреЫ,https://s3.ap-south-1.amazonaws.com/sharechat-scraper.tattle.co.in/505bec9d-3a58-4b0c-8d49-47b5756b95f0.jpg,2020-04-13 09:26:28,"8th class students corona virus ke karan aapki 2 parikshaye radh ho chuki hai iss karan aapke result me bahut bhari fark padane wala hai click the link and see this video https://youtu.be/kN2mQ5Iwu-4

Aur ese video ke liye channel subscribe kar lo 
Support us
Thank you",
5f0795759e1c10d1eb30a2aa,image,https://sharechat.com/post/MpabzXW,ЁЯУ░ рдЦрдмрд░реЗ: рдореЗрд░реЗ рдЗрд▓рд╛рдХреЗ рдХреА,https://s3.ap-south-1.amazonaws.com/sharechat-scraper.tattle.co.in/e87feb89-8a45-47ed-940d-0760a2e288dd.jpg,2020-07-08 01:33:22,#ЁЯУ░ рдЦрдмрд░реЗ: рдореЗрд░реЗ рдЗрд▓рд╛рдХреЗ рдХреА,
5effd1485a4ec40ec61a4540,text,https://sharechat.com/post/MpDZBBK,ЁЯЩПрдХреЛрд░реЛрдирд╛ рд╡рд╛рдпрд░рд╕ рд╕реЗ рдмрдЪрд╛рд╡,https://s3.ap-south-1.amazonaws.com/sharechat-scraper.tattle.co.in/5114b893-59ec-4bb5-a33a-479206f3d6ae.txt,2020-07-03 20:20:11,, #ЁЯЩПрдХреЛрд░реЛрдирд╛ рд╡рд╛рдпрд░рд╕ рд╕реЗ рдмрдЪрд╛рд╡
5ef239969e8d689b72ef203d,image,https://sharechat.com/post/Qmld445,ЁЯШВрд░рд╛рдЬреАрдиреАрддрд┐рдХ рд╡реНрдпрдВрдЧ,https://s3.ap-south-1.amazonaws.com/sharechat-scraper.tattle.co.in/91fd6b4c-d48b-484b-a9cb-029b184fd927.jpg,2020-06-23 07:10:18,#ЁЯШВрд░рд╛рдЬреАрдиреАрддрд┐рдХ рд╡реНрдпрдВрдЧ,
5edf8ac00b9ca606d94579b8,image,https://sharechat.com/post/J4PjO18,ЁЯСйтАНЁЯПл69 рд╣рдЬрд╛рд░ рд╢рд┐рдХреНрд╖рдХ рднрд░реНрддреА рдорд╛рдорд▓рд╛,https://s3.ap-south-1.amazonaws.com/sharechat-scraper.tattle.co.in/6bc270e8-2082-460d-9794-e4962c359a83.jpg,2020-06-09 11:09:16,#ЁЯСйтАНЁЯПл69 рд╣рдЬрд╛рд░ рд╢рд┐рдХреНрд╖рдХ рднрд░реНрддреА рдорд╛рдорд▓рд╛,
5e9c325703686b39b63fcc01,image,https://sharechat.com/post/3EXWzdZ,ЁЯзРрдХреЛрд░реЛрдирд╛ : рд╕рд╡рд╛рд▓реЛрдВ рдХреЗ рдЬрд╡рд╛рдм,https://s3.ap-south-1.amazonaws.com/sharechat-scraper.tattle.co.in/56b82b98-f5eb-4f05-808d-9cb80b5435fc.jpg,2020-04-16 11:40:16,"ЁЯШердХреЛрд░реЛрдирд╛ рд╕реЗ┬ард╕рдВрдмрдВрдзрд┐рдд рд╕рднреА рдкреНрд░рд╢реНрдиреЛрдВ рдХреЗ рдЙрддреНрддрд░ рдЬрд╛рдирдиреЗ рдХреЗ рд▓рд┐рдП, рдиреАрдЪреЗ рджрд┐рдП рдЧрдП рдЪреИрдЯрдмреЙрдЯ рд╕реЗ рдЕрдкрдиреЗ рдкреНрд░рд╢реНрди рдкреВрдЫреЗрдВЁЯШК #ЁЯзРрдХреЛрд░реЛрдирд╛ : рд╕рд╡рд╛рд▓реЛрдВ рдХреЗ рдЬрд╡рд╛рдм",
5e7bb1a87a22dc2e0330a415,image,https://sharechat.com/post/b4Gkx3D,ЁЯШ╖рдХреЛрд░реЛрдирд╛ рд╡рд╛рдпрд░рд╕ рдЕрдкрдбреЗрдЯ,https://s3.ap-south-1.amazonaws.com/sharechat-scraper.tattle.co.in/c1f85b91-d458-46af-9e68-10e74af4fec3.jpg,"24-03-2020, 23:57:51",,
5e8871524480c5023da3a884,image,https://sharechat.com/post/ke1JBKq,ЁЯдЭрдкреАрдПрдо рдХреЗрдпрд░реНрд╕ рдлрдВрдбЁЯТ░,https://s3.ap-south-1.amazonaws.com/sharechat-scraper.tattle.co.in/aabe8f06-cdcf-4add-a85c-ecaf17f94a35.jpg,2020-04-04 01:06:51,,
5f092c06659f3b31342f987a,video,https://sharechat.com/post/wJ7nRQw,ЁЯЩПрдЬрдп рдЫрддреНрд░рдкрддрд┐ рд╢рд┐рд╡рд╛рдЬреА рдорд╣рд╛рд░рд╛рдЬ,https://s3.ap-south-1.amazonaws.com/sharechat-scraper.tattle.co.in/c8235049-4b2b-424c-a45f-fd437e16eeda.mp4,2020-07-08 14:14:48,"ЁЯЩПЁЯЪйЁЯТп#ЁЯЩПрдЬрдп рдЫрддреНрд░рдкрддрд┐ рд╢рд┐рд╡рд╛рдЬреА рдорд╣рд╛рд░рд╛рдЬ ЁЯЩПЁЯТпЁЯССЁЯЪйЁЯЪй
           ЁЯЪйЁЯТпЁЯФеЁЯССЁЯЪйЁЯТЫрд░рд╛рдЬреЗЁЯЩПЁЯССЁЯТЫЁЯТп",
5f03cb049dec2b8c915784e4,image,https://sharechat.com/post/J4Nvpd3,ЁЯШО рдЕрдкрдирд╛ рдЖрдЧрд░рд╛,https://s3.ap-south-1.amazonaws.com/sharechat-scraper.tattle.co.in/637af3c9-5533-46d3-9c6d-2bce098d2f1c.jpg,2020-06-18 17:05:39,#ЁЯШО рдЕрдкрдирд╛ рдЖрдЧрд░рд╛,
5efbdff34e94b3aeb48249aa,image,https://sharechat.com/post/v4Zrkxb,ЁЯй╕ рдмреНрд▓рдб рдкреНрд░реЗрд╢рд░,https://s3.ap-south-1.amazonaws.com/sharechat-scraper.tattle.co.in/60e31e23-8b8b-4208-90de-b197242445c0.jpg,2020-06-06 11:27:38,#ЁЯМбя╕П  рдмреБрдЦрд╛рд░ #ЁЯШС рд╕рд░реНрджреА рдЦрд╛рдВрд╕реА #ЁЯТЙ рдЯреАрдХрд╛рдХрд░рдг #ЁЯй╕ рдмреНрд▓рдб рдкреНрд░реЗрд╢рд░ #тЬЛ рдПрдХреНрдпреВрдкрдВрдХреНрдЪрд░ рдЯреНрд░реАрдЯрдореЗрдВрдЯ,
5f03cabb9dec2b8c91577875,text,https://sharechat.com/post/WOkpl31,ЁЯУ░рдордзреНрдп рдкреНрд░рджреЗрд╢ рдХреА реЩрдмрд░реЗрдВ,https://s3.ap-south-1.amazonaws.com/sharechat-scraper.tattle.co.in/09979e6c-474f-46a8-b3a4-d5d4a7a92e0a.txt,2020-04-16 06:14:47,,рдлрдЭ ЁЯШВЁЯШВрдардбреЬрдлрдЫрдЬрдЬ
5ea191523b3511df81d307f5,image,https://sharechat.com/post/7JKZeEp,ЁЯШ│рдХреЛрд░реЛрдирд╛: рдирд╣реАрдВ рдердо рд░рд╣рд╛ реШрд╣рд░,https://s3.ap-south-1.amazonaws.com/sharechat-scraper.tattle.co.in/a3450b5e-c13d-408c-bbab-b584b9686fdc.jpg,2020-04-23 11:04:52,#ЁЯШ╖LATEST рдХреЛрд░реЛрдирд╛ рдЕрдкрдбреЗрдЯ #ЁЯШ│рдХреЛрд░реЛрдирд╛ : рдмреЭ рд░рд╣рд╛ рдореМрдд рдХрд╛ рдЖрдВрдХреЬрд╛ #ЁЯЩПрдХреЛрд░реЛрдирд╛ рд╡рд╛рдпрд░рд╕ рд╕реЗ рдмрдЪрд╛рд╡,
5f0ce3002e600f3b8823fe09,video,https://sharechat.com/post/b45k3PD,ЁЯЩПрдХреЛрд░реЛрдирд╛ рд╡рд╛рдпрд░рд╕ рд╕реЗ рдмрдЪрд╛рд╡,https://s3.ap-south-1.amazonaws.com/sharechat-scraper.tattle.co.in/c1f4a051-5318-4ee4-aca1-c386e41299b5.mp4,2020-07-08 07:03:54,#ЁЯЩПрдХреЛрд░реЛрдирд╛ рд╡рд╛рдпрд░рд╕ рд╕реЗ рдмрдЪрд╛рд╡,
5f092bc8659f3b31342f8fb9,video,https://sharechat.com/post/ADPrwxW,ЁЯУ░ рдЦрдмрд░реЗ: рдореЗрд░реЗ рдЗрд▓рд╛рдХреЗ рдХреА,https://s3.ap-south-1.amazonaws.com/sharechat-scraper.tattle.co.in/afde73f5-8bfa-43bc-9eb3-3647ad931257.mp4,2020-07-10 14:52:18,https://www.facebook.com/TeamPrashantKishore/videos/1189924024696618/ #ЁЯУ░ рдЦрдмрд░реЗ: рдореЗрд░реЗ рдЗрд▓рд╛рдХреЗ рдХреА,
5e9c325003686b39b63fcb8f,image,https://sharechat.com/post/0D0eaDK,ЁЯЩПрдХреЛрд░реЛрдирд╛ рд╡рд╛рдпрд░рд╕ рд╕реЗ рдмрдЪрд╛рд╡,https://s3.ap-south-1.amazonaws.com/sharechat-scraper.tattle.co.in/6ab88996-5663-4ed3-8f42-6ad7b49569bd.jpg,2020-04-06 00:56:34,,
5f04fe11f86c5c1eb35bd59f,image,https://sharechat.com/post/41Dbe5V,ЁЯСЙ рдорд╛рд╣рд╡рд╛рд░реА рдХреЗ рдмрд╛рд░реЗ рдореЗрдВ рдЬрд╛рдирдХрд╛рд░реА,https://s3.ap-south-1.amazonaws.com/sharechat-scraper.tattle.co.in/0a76a038-ca66-46bc-a11e-5d1b20445a64.jpg,2020-06-09 04:20:22,#ЁЯСЙ рдорд╛рд╣рд╡рд╛рд░реА рдХреЗ рдмрд╛рд░реЗ рдореЗрдВ рдЬрд╛рдирдХрд╛рд░реА #ЁЯШФ рдбрд┐рдкреНрд░реЗрд╢рди #ЁЯМ╝ рд╕реНрдХрд┐рди рдкреНрд░реЙрдмреНрд▓рдо #ЁЯСйтАНЁЯж▒ рд╣реЗрдпрд░ рдкреНрд░реЙрдмреНрд▓рдоЁЯСитАНЁЯж▒ #ЁЯзШтАНтЩВя╕П рдореЗрдбрд┐рдЯреЗрд╢рди,
5f092bfd659f3b31342f96fc,text,https://sharechat.com/post/ZRljPd5,ЁЯШС рд╕рд░реНрджреА рдЦрд╛рдВрд╕реА,https://s3.ap-south-1.amazonaws.com/sharechat-scraper.tattle.co.in/5e476641-5002-4fe3-93aa-6492420040ee.txt,2020-06-03 03:15:24,"healthy food tips| nutrition tips|natural health tips| dieting tips |healthy food tips in hindi,https://youtu.be/XrsSHb14NS4 #ЁЯШС рд╕рд░реНрджреА рдЦрд╛рдВрд╕реА  #ЁЯдУрд╣реЛрдорд┐рдпреЛрдкреИрдереА рдиреБрд╕реНрдЦреЗ  #ЁЯдЧ рдЕрдЪреНрдЫреА рд╕реЗрд╣рдд рдХрд╛ рд░рд╛рдЬ  #ЁЯТБЁЯП╗тАНтЩАя╕ПрдШрд░реЗрд▓реВ рдиреБрд╕реНрдЦреЗ  #ЁЯМ┐рджрд╛рджреА рдирд╛рдиреА рдХреЗ рдиреБрд╕реНрдЦреЗ","healthy food tips| nutrition tips|natural health tips| dieting tips |healthy food tips in hindi,https://youtu.be/XrsSHb14NS4 #ЁЯШС рд╕рд░реНрджреА рдЦрд╛рдВрд╕реА  #ЁЯдУрд╣реЛрдорд┐рдпреЛрдкреИрдереА рдиреБрд╕реНрдЦреЗ  #ЁЯдЧ рдЕрдЪреНрдЫреА рд╕реЗрд╣рдд рдХрд╛ рд░рд╛рдЬ  #ЁЯТБЁЯП╗тАНтЩАя╕ПрдШрд░реЗрд▓реВ рдиреБрд╕реНрдЦреЗ  #ЁЯМ┐рджрд╛рджреА рдирд╛рдиреА рдХреЗ рдиреБрд╕реНрдЦреЗ"
5ef0b73eb5289a6d8d1e2d59,image,https://sharechat.com/post/wJmWQ7j,ЁЯШ│рдХреЛрд░реЛрдирд╛: рдирд╣реАрдВ рдердо рд░рд╣рд╛ реШрд╣рд░,https://s3.ap-south-1.amazonaws.com/sharechat-scraper.tattle.co.in/69ff6691-8cda-4c8e-ae42-5f2c271bc84d.jpg,2020-06-17 11:07:19,#ЁЯШ│рдХреЛрд░реЛрдирд╛: рдирд╣реАрдВ рдердо рд░рд╣рд╛ реШрд╣рд░,
5effd14a5a4ec40ec61a4729,video,https://sharechat.com/post/WOjGzVJ,ЁЯзШрдпреЛрдЧ рдЖрд╕рди,https://s3.ap-south-1.amazonaws.com/sharechat-scraper.tattle.co.in/1bbc5d59-a28e-4d10-82e2-5bc9a35412b7.mp4,2020-07-02 05:17:57,#ЁЯзШрдпреЛрдЧ рдЖрд╕рди,
5f08e43adcfd19dc7d1c09f8,image,https://sharechat.com/post/Vv1xMnJ,ЁЯМ┐рджрд╛рджреА рдирд╛рдиреА рдХреЗ рдиреБрд╕реНрдЦреЗ,https://s3.ap-south-1.amazonaws.com/sharechat-scraper.tattle.co.in/a86a34d5-8794-4fcb-ace3-c4614787995a.jpg,2020-07-08 11:06:59,#ЁЯМ┐рджрд╛рджреА рдирд╛рдиреА рдХреЗ рдиреБрд╕реНрдЦреЗ,
5f0bdb4f45b62c556f5389ff,image,https://sharechat.com/post/D9wlMMO,ЁЯМбя╕Прд╕реЗрд╣рдд рдЯрд┐рдкреНрд╕,https://s3.ap-south-1.amazonaws.com/sharechat-scraper.tattle.co.in/78b13b6d-6e09-4ce8-b29d-f77a315d50e7.jpg,2020-07-12 17:42:13,#ЁЯМбя╕Прд╕реЗрд╣рдд рдЯрд┐рдкреНрд╕,
5f0d29ba82e0dc93f6ff570f,image,https://sharechat.com/post/1Dl7DkJ,ЁЯй╕ рдмреНрд▓рдб рдкреНрд░реЗрд╢рд░,https://s3.ap-south-1.amazonaws.com/sharechat-scraper.tattle.co.in/5783abb1-4ac5-402f-bf22-b1a3386f9bab.jpg,2020-06-28 10:57:42,"рдЯрдорд╛рдЯрд░ рдЦрд╛рдиреЗ рдХреЗ резреж рдлрд╝рд╛рдпрджреЗ,  рдЯрдорд╛рдЯрд░ рдЕрдкрдиреЗ рднреЛрдЬрди рдореЗ рдЬреЛрдбрд╝реЛ рдФрд░ рд╕реНрд╡рд╕реНрде рд░рд╣реЛЁЯТк #ЁЯдЧ рдЕрдЪреНрдЫреА рд╕реЗрд╣рдд рдХрд╛ рд░рд╛рдЬ  #ЁЯМбя╕Прд╕реЗрд╣рдд рдЯрд┐рдкреНрд╕  #ЁЯМ╝ рд╕реНрдХрд┐рди рдкреНрд░реЙрдмреНрд▓рдо  #ЁЯй╕ рдмреНрд▓рдб рдкреНрд░реЗрд╢рд░",
5f03fc8b73a1944170c95b63,text,https://sharechat.com/post/zdZdMZj,ЁЯЧЮрдЭрд╛рд░рдЦрдВрдб рдХреА рдЦрдмрд░,https://s3.ap-south-1.amazonaws.com/sharechat-scraper.tattle.co.in/3080c8c0-7478-4fed-8b45-f7b4730a78f2.txt,2020-07-04 16:18:11,,"#ЁЯЧЮрдЭрд╛рд░рдЦрдВрдб рдХреА рдЦрдмрд░рдЭрд╛рд░рдЦрдВрдб рдореЗрдВ рдХреЛрд░реЛрдирд╛ рд╕реЗ рдЕрдм рддрдХ 17 рдорд░реАрдЬреЛрдВ рдХреА рдореМрдд, рдЖрдЬ рд░рд┐рдореНрд╕ рдореЗрдВ рджреЛ рдХреА рдореМрдд.┬а

Coronavirus in Jharkhand LIVE Update : рдЭрд╛рд░рдЦрдВрдб рдХреЗ 11 рдЬрд┐рд▓реЛрдВ рдореЗрдВ рд╢рдирд┐рд╡рд╛рд░ (4 рдЬреБрд▓рд╛рдИ, 2020) рдХреЛ 36 рдХреЛрд░реЛрдирд╛ рдкреЙрдЬрд┐рдЯрд┐рд╡ рдХреЗрд╕ рд╕рд╛рдордиреЗ рдЖрдпреЗ рдФрд░ 3 рд▓реЛрдЧреЛрдВ рдХреА рдореМрдд рд╣реЛ рдЧрдпреА. рд░рд╛рдВрдЪреА рдореЗрдВ рд╢рд╛рдо 8 рдмрдЬреЗ рддрдХ 36 рдорд░реАрдЬ рдорд┐рд▓реЗ рд╣реИрдВ. рдЗрд╕рдореЗрдВ рд╕рдмрд╕реЗ рдЬреНрдпрд╛рджрд╛ 13 рд▓реЛрдЧ рдкреВрд░реНрд╡реА рд╕рд┐рдВрд╣рднреВрдо рдореЗрдВ, рд░рд╛рдВрдЪреА рдореЗрдВ 6, рдзрдирдмрд╛рдж рдореЗрдВ 4, рдкрд▓рд╛рдореВ рдореЗрдВ 3, рджреЗрд╡рдШрд░, рд╣рдЬрд╛рд░реАрдмрд╛рдЧ рдФрд░ рд╕рд░рд╛рдпрдХреЗрд▓рд╛ рдореЗрдВ 2-2, рдмреЛрдХрд╛рд░реЛ, рдЧрд┐рд░рд┐рдбреАрд╣, рд▓реЛрд╣рд░рджрдЧрд╛ рдФрд░ рдкрд╛рдХреБрдбрд╝ рдореЗрдВ 1-1 рд╡реНрдпрдХреНрддрд┐ рдореЗрдВ рдХреЛрд░реЛрдирд╛ рдХреЗ рд╕рдВрдХреНрд░рдордг рдХреА рдкреБрд╖реНрдЯрд┐ рд╣реБрдИ рд╣реИ. 24 рдШрдВрдЯреЗ рдореЗрдВ 34 рд▓реЛрдЧ рдареАрдХ рд╣реЛрдХрд░ рдЕрдкрдиреЗ рдШрд░ рдЧрдпреЗ. рдЦреВрдВрдЯреА рдФрд░ рдкреВрд░реНрд╡реА рд╕рд┐рдВрд╣рднреВрдо рдореЗрдВ рдПрдХ-рдПрдХ рд╡реНрдпрдХреНрддрд┐ рдХреА рдореГрддреНрдпреБ рдХреА рдкреБрд╖реНрдЯрд┐ рд╣реБрдИ рд╣реИ."
5eccd4fb4952620eca766aab,image,https://sharechat.com/post/wJDxAbM,ЁЯФОрдлреЗрдХ рдиреНрдпреВреЫ рд╕реЗ рдмрдЪреЗрдВ,https://s3.ap-south-1.amazonaws.com/sharechat-scraper.tattle.co.in/d838b341-f4de-4185-a407-e8f779bd3ada.jpg,2020-05-18 05:21:55,"#тЬНя╕Прд░рд╛рдЬрдиреАрддрд┐рдХ рдЪрд░реНрдЪрд╛рдПрдВ #ЁЯФерд╡рд┐рдкрдХреНрд╖ рдкрд░ рд╡рд╛рд░ЁЯФе #тЬКрдЖрддреНрдо рдирд┐рд░реНрднрд░ рднрд╛рд░рдд # рд░рд╛рдЬрдиреАрддрд┐рдХ рдЪрд░реНрдЪрд╛
 #ЁЯФОрдлреЗрдХ рдиреНрдпреВреЫ рд╕реЗ рдмрдЪреЗрдВ",
5f0e7e23863d3ae5b8e4cb79,video,https://sharechat.com/post/kxegeK9,ЁЯЩПЁЯП╗рдорд╛рдБ рддреБрдЭреЗ рд╕рд▓рд╛рдо,https://s3.ap-south-1.amazonaws.com/sharechat-scraper.tattle.co.in/eeb28229-9d7b-4047-9828-8dead153ac30.mp4,2020-07-14 15:31:44,#ЁЯЩПЁЯП╗рдорд╛рдБ рддреБрдЭреЗ рд╕рд▓рд╛рдо,
5f0b95871c26156f2d0ae6c8,video,https://sharechat.com/post/m67Q07V,ЁЯдЧ рдЕрдЪреНрдЫреА рд╕реЗрд╣рдд рдХрд╛ рд░рд╛рдЬ,https://s3.ap-south-1.amazonaws.com/sharechat-scraper.tattle.co.in/2663f31b-bb61-40ba-a95f-35dbc9c5725e.mp4,2020-07-05 20:17:57,#ЁЯдЧ рдЕрдЪреНрдЫреА рд╕реЗрд╣рдд рдХрд╛ рд░рд╛рдЬ health is wealth   tiens International Company contact number 99 56 170 249,
5e7f10ba29f97e176b64efd9,video,https://sharechat.com/post/m6W4qKk,ЁЯШ╖Covid-19,https://s3.ap-south-1.amazonaws.com/sharechat-scraper.tattle.co.in/ac8d08d6-1e69-41a1-8b71-f866ad1627d3.mp4,2020-03-28 07:10:42,,
5ef3fe92a7fa9de475f95a1b,image,https://sharechat.com/post/7JpbDRp,ЁЯФЦрд╡реБрдореЗрди рд╣реЗрд▓реНрде рдЯрд┐рдкреНрд╕,https://s3.ap-south-1.amazonaws.com/sharechat-scraper.tattle.co.in/0c0b7a6d-5235-44b4-86ae-5196d7e22d9c.jpg,2020-06-23 04:53:13,"#ЁЯФЦрд╡реБрдореЗрди рд╣реЗрд▓реНрде рдЯрд┐рдкреНрд╕ 
     Homemade Almond Butter For Healthy Heart",
5eccd2944952620eca764002,video,https://sharechat.com/post/1D5JVpV,ЁЯШ╖Covid-19,https://s3.ap-south-1.amazonaws.com/sharechat-scraper.tattle.co.in/cc7a6b15-dcdb-49d7-959c-a0e282195716.mp4,2020-04-19 10:12:50,#ЁЯШ╖Covid-19 #ЁЯМОрджреБрдирд┐рдпрд╛ рдореЗрдВ рдХреЛрд░реЛрдирд╛ рдХрд╛ реШрд╣рд░ #ЁЯПа рдШрд░ рдореЗрдВ рдЯрд╛рдЗрдо рдкрд╛рд╕ рдХрд░реЛ рдирд╛ЁЯЩЕтАНтЩАя╕П,
5ef6a4a5afedc306889c01a7,image,https://sharechat.com/post/AgkNpa0,ЁЯМбя╕П  рдмреБрдЦрд╛рд░,https://s3.ap-south-1.amazonaws.com/sharechat-scraper.tattle.co.in/f39d7b6d-80e0-4e69-aabf-165f3aa94209.jpg,2020-06-11 09:15:22,#ЁЯТЙ рдордзреБрдореЗрд╣ #ЁЯСЙ рд╕реНрддреНрд░реАрд░реЛрдЧ #ЁЯСЙ рдХреИрдВрд╕рд░ #ЁЯМбя╕П  рдмреБрдЦрд╛рд░ #ЁЯШС рд╕рд░реНрджреА рдЦрд╛рдВрд╕реА,
5effd14a5a4ec40ec61a4773,image,https://sharechat.com/post/0D9Egvn,ЁЯТБЁЯП╗тАНтЩАя╕ПрдШрд░реЗрд▓реВ рдиреБрд╕реНрдЦреЗ,https://s3.ap-south-1.amazonaws.com/sharechat-scraper.tattle.co.in/4284655a-6d8e-471a-ad98-eceb5b024114.jpg,2020-07-03 15:10:02,#ЁЯТБЁЯП╗тАНтЩАя╕ПрдШрд░реЗрд▓реВ рдиреБрд╕реНрдЦреЗ,
5efa96a2f672fdea18ff02d9,image,https://sharechat.com/post/1Dl7DkJ,ЁЯдЧ рдЕрдЪреНрдЫреА рд╕реЗрд╣рдд рдХрд╛ рд░рд╛рдЬ,https://s3.ap-south-1.amazonaws.com/sharechat-scraper.tattle.co.in/5c7d9672-8fab-4955-af2a-d0a50fa7b8b3.jpg,2020-06-28 10:57:42,"рдЯрдорд╛рдЯрд░ рдЦрд╛рдиреЗ рдХреЗ резреж рдлрд╝рд╛рдпрджреЗ,  рдЯрдорд╛рдЯрд░ рдЕрдкрдиреЗ рднреЛрдЬрди рдореЗ рдЬреЛрдбрд╝реЛ рдФрд░ рд╕реНрд╡рд╕реНрде рд░рд╣реЛЁЯТк #ЁЯдЧ рдЕрдЪреНрдЫреА рд╕реЗрд╣рдд рдХрд╛ рд░рд╛рдЬ  #ЁЯМбя╕Прд╕реЗрд╣рдд рдЯрд┐рдкреНрд╕  #ЁЯМ╝ рд╕реНрдХрд┐рди рдкреНрд░реЙрдмреНрд▓рдо  #ЁЯй╕ рдмреНрд▓рдб рдкреНрд░реЗрд╢рд░",
5f0645dc2ab2de0bd2d6e0d8,image,https://sharechat.com/post/wJXQ4y7,ЁЯдУрд╣реЛрдорд┐рдпреЛрдкреИрдереА рдиреБрд╕реНрдЦреЗ,https://s3.ap-south-1.amazonaws.com/sharechat-scraper.tattle.co.in/2f7376fa-0ea9-48c0-b472-39a5b63bf319.jpg,2020-06-22 04:35:49,#ЁЯдУрд╣реЛрдорд┐рдпреЛрдкреИрдереА рдиреБрд╕реНрдЦреЗ,
5ef2a8a8c5cf03a0acf4eaa8,image,https://sharechat.com/post/jrXqR8k,ЁЯШВрд░рд╛рдЬреАрдиреАрддрд┐рдХ рд╡реНрдпрдВрдЧ,https://s3.ap-south-1.amazonaws.com/sharechat-scraper.tattle.co.in/0045fb20-5f21-4007-9ecf-493f125437fb.jpg,2020-06-23 18:27:11,#ЁЯШВрд░рд╛рдЬреАрдиреАрддрд┐рдХ рд╡реНрдпрдВрдЧ,
5f068bdddcad9beab356064b,image,https://sharechat.com/post/v4A8JrE,тЬК рднрд╛рд░рдд рдореЗрдВ рдмрджрд▓рд╛рд╡,https://s3.ap-south-1.amazonaws.com/sharechat-scraper.tattle.co.in/e0aad147-f9b8-4b6c-a333-bfe88c67fda9.jpg,2020-07-08 03:07:42,#тЬК рднрд╛рд░рдд рдореЗрдВ рдмрджрд▓рд╛рд╡,
5f0645b42ab2de0bd2d6da5a,text,https://sharechat.com/post/ypEGMGr,ЁЯФР рдЧреНрд░реБрдк: рд╕рдВрдШрд░реНрд╖ рдиреНрдпреВрдЬ рдЧреНрд░реБрдк,https://s3.ap-south-1.amazonaws.com/sharechat-scraper.tattle.co.in/a7db0567-51f5-4092-980a-092d48442e58.txt,2020-06-29 14:03:57,,"рдЗрдЬрд░рд╛рдпрд▓ рдореЗрдВ 20 % рдореБрд╕реНрд▓рд┐рдо  рд╣реИ рд▓реЗрдХрд┐рди рдлрд┐рд░ рднреА рд╡рд╣рд╛рдБ рдХрд╛  рдпрд╣реВрджреА  рдорд┐рдпрд╛ рд╕реЗ рдЬреНрдпрд╛рджрд╛ рдмрдЪреНрдЪреЗ рдкреИрджрд╛ рдХрд░рддрд╛ рд╣реИ  рдХреНрдпреЛрдВрдХрд┐ рдЙрд╕реЗ рдкрддрд╛ рд╣реИ рдЬрд┐рд╕ рджреЗрд╢ рдореЗ рдЗрд╕рдХреА рдЖрдмрд╛рджреА 35 % рдХреЗ рдкрд╛рд░ рд╣реЛрддреА рд╣реИ рдЙрд╕ рджреЗрд╢ рдХреЗ рдореВрд▓ рдирд╕реНрд▓  рдХрд╛ рд╡рд┐рдирд╛рд╢ рд╣реЛ рдЬрд╛рддрд╛ рд╣реИред
рдЗрд╕рд▓рд┐рдП рд╡рд╣рд╛рдБ рдХреЗ рдпрд╣реВрджрд┐рдпреЛрдВ рдХрд╛ concept рдмрд┐рд▓реНрдХреБрд▓ clear рд╣реИ рдХрд┐ рдорд┐рдпрд╛ рд╕реЗ рдЬреНрдпрд╛рджрд╛ рдкреИрджрд╛ рдХрд░реЛ рдФрд░ рдорд┐рдпрд╛ рдХреА рдЖрдмрд╛рджреА 20% рд╕реЗ рдЬреНрдпрд╛рджрд╛ рдмреЭрдиреЗ рд╣реА рдордд рджреЛред


рдЗрдереЛрдкрд┐рдпрд╛  рдореЗрдВ рднреА 35 %  рдореБрд╕реНрд▓рд┐рдо рд╣реИ рд▓реЗрдХрд┐рди 30 рд╕рд╛рд▓ рд╕реЗ рд▓рдЧрд╛рддрд╛рд░ рд╡рд╣рд╛рдБ рдХрд╛  рдИрд╕рд╛рдИ рдорд┐рдпрд╛ рд╕реЗ рдЬреНрдпрд╛рджрд╛ рдмрдЪреНрдЪреЗ рдкреИрджрд╛ рдХрд░рддрд╛ рд╣реИ рдЗрд╕рд▓рд┐рдП рдЗрдереЛрдкрд┐рдпрд╛ рд╢рд╛рдВрдд рд╣реИред

рдирд╛рдЗрдЬреАрд░рд┐рдпрд╛ рдореЗрдВ рднреА 49 % рдореБрд╕реНрд▓рд┐рдо рд╣реИ рд▓реЗрдХрд┐рди рд╡рд╣рд╛рдБ рдХрд╛ рдиреАрдЧреНрд░реЛ (рдИрд╕рд╛рдИ ) рдорд┐рдпрд╛ рд╕реЗ рдЬреНрдпрд╛рджрд╛ рдмрдЪреНрдЪреЗ рдкреИрджрд╛ рдХрд░рддрд╛ рд╣реИ ред

рдЗрдЬрд░рд╛рдпрд▓ рдХрд╛ рдпрд╣реВрджреА , рдирд╛рдЗрдЬреАрд░рд┐рдпрд╛ рдХрд╛ рдиреАрдЧреНрд░реЛ, рдЗрдереЛрдкрд┐рдпрд╛ рдХрд╛ рдИрд╕рд╛рдИ рдЬреЛ рджреБрдирд┐рдпрд╛ рдореЗрдВ рд╕рдмрд╕реЗ рддрд╛рдХрддрд╡рд░ , рдмрд╣рд╛рджреБрд░ рдорд╛рдирд╛ рдЬрд╛рддрд╛ рд╣реИ рд╡реЛ рднреА  рдорд┐рдпрд╛ рд╕реЗ рдЬреНрдпрд╛рджрд╛ рдкреИрджрд╛ рдХрд░рддрд╛ рд╣реИред

рдФрд░ рдпрд╣рд╛рдБ  рдХрд╛ рдореЛрдЧрд╛рд╣рд╛ рд╣рд┐рдиреНрджреВ рдХреЗ рдмрдЪреНрдЪреЗ рдЬреЛ рдкрдЯрд╛рдЦрд╛ рддрдХ рдлреЛреЬрдиреЗ рд╕реЗ рдбрд░рддреЗ рд╣реИ рдЙрд╕рдиреЗ рдХрд╛рдВрдЧреНрд░реЗрд╕ рдФрд░ рдореВрд░реНрдЦ рд╣рд┐рдВрджреВрд╡рд╛рджрд┐рдпреЛрдВ рдХреЗ рдмрд╣рдХрд╛рд╡реЗ рдореЗрдВ  рдПрдХ рдирд╛рд░рд╛  рдЧреЭ рджрд┐рдпрд╛ рд╣реИ  1 рдкреИрджрд╛  рдХрд░реЛ рдордЧрд░ рд╢реЗрд░ рдЬреИрд╕рд╛ рдХрд░реЛ ред

 рдпреЗ рдирдХрд▓реА рд╣рд┐рдЬреЬреЗ рд╣рд┐рдиреНрджреВ рддреЛ рдмреЗрдЯреА рджреЗрдХрд░ рдмрдЪ рдЬрд╛рдПрдВрдЧреЗ рддреБрдо рдХреНрдпрд╛ рдХрд░реЛрдЧреЗред рдЗрдирдХреЗ рдмрд╣рдХрд╛рд╡реЗ рдореЗрдВ рдордд рдЖрдУред
рд╣рд┐рдиреНрджреБрдУ рдорд┐рдпрд╛ рд╕реЗ рдЬреНрдпрд╛рджрд╛ рдмрдЪреНрдЪреЗ рдкреИрджрд╛ рдХрд░реЛ ред рдЬреНрдпрд╛рджрд╛ рд╕реЗ рдЬреНрдпрд╛рджрд╛ рдмрдЪреНрдЪреЗ рдкреИрджрд╛ рдХрд░реЛ ред
 #ЁЯФР рдЧреНрд░реБрдк: рд╕рдВрдШрд░реНрд╖ рдиреНрдпреВрдЬ рдЧреНрд░реБрдк"
5f06460b2ab2de0bd2d6e782,text,https://sharechat.com/post/1DjONvR,ЁЯСМ рдЫрддреНрддреАрд╕рдЧрдврд╝рд┐рдпрд╛ рд╕рдмрд▓реЗ рдмрдврд╝рд┐рдпрд╛,https://s3.ap-south-1.amazonaws.com/sharechat-scraper.tattle.co.in/c19b4c6a-4ce2-4992-96e0-c3c6cb8806c2.txt,2020-07-02 05:36:45,,#ЁЯСМ рдЫрддреНрддреАрд╕рдЧрдврд╝рд┐рдпрд╛ рд╕рдмрд▓реЗ рдмрдврд╝рд┐рдпрд╛ 
5efbdfc84e94b3aeb482428e,image,https://sharechat.com/post/AgBXwbQ,ЁЯУ░рднрд╛рд░рдд рдиреНрдпреВреЫ ЁЯЧЮ,https://s3.ap-south-1.amazonaws.com/sharechat-scraper.tattle.co.in/c791168e-e0d5-4e4b-8c2e-4fe838b03b1b.jpg,2020-06-30 15:53:00,#ЁЯУ░рднрд╛рд░рдд рдиреНрдпреВреЫ ЁЯЧЮ,
5eccd5be4952620eca7677e9,image,https://sharechat.com/post/ypnqJNd,ЁЯУ░рдЖрдЬ рдХрд╛ рдЕрдЦрд╝рдмрд╛рд░,https://s3.ap-south-1.amazonaws.com/sharechat-scraper.tattle.co.in/adb466ab-7542-459b-a07f-988b0c2c9719.jpg,2020-05-24 12:07:49,#ЁЯУ░рдЖрдЬ рдХрд╛ рдЕрдЦрд╝рдмрд╛рд░ #ЁЯФОрдлреЗрдХ рдиреНрдпреВреЫ рд╕реЗ рдмрдЪреЗрдВ #ЁЯУ░рднрд╛рд░рдд рдиреНрдпреВреЫ ЁЯЧЮ #тШЭ рдореЗрд░реЗ рд╡рд┐рдЪрд╛рд░,
5f07955a9e1c10d1eb309fe9,image,https://sharechat.com/post/ZR6PPKR,ЁЯУ░рдордзреНрдп рдкреНрд░рджреЗрд╢ рдХреА реЩрдмрд░реЗрдВ,https://s3.ap-south-1.amazonaws.com/sharechat-scraper.tattle.co.in/fd8ec7a8-ee17-4779-ae1e-b1f23cb2f25d.jpg,2020-07-08 15:03:59,#ЁЯУ░рдордзреНрдп рдкреНрд░рджреЗрд╢ рдХреА реЩрдмрд░реЗрдВ,
5f0b95a61c26156f2d0aec5f,video,https://sharechat.com/post/J5ZX5QA,ЁЯЩП рдЬрд╡рд╛рдиреЛрдВ рдХреЛ рд╕рд▓рд╛рдо,https://s3.ap-south-1.amazonaws.com/sharechat-scraper.tattle.co.in/e5e8f5d6-b189-426c-9e35-f2baab212a4c.mp4,2020-07-11 14:14:24,#ЁЯЩП рдЬрд╡рд╛рдиреЛрдВ рдХреЛ рд╕рд▓рд╛рдо,
5f0bdb4845b62c556f5388c2,image,https://sharechat.com/post/kxgDwBr,ЁЯМОрджреБрдирд┐рдпрд╛ рдореЗрдВ рдХреЛрд░реЛрдирд╛ рдХрд╛ реШрд╣рд░,https://s3.ap-south-1.amazonaws.com/sharechat-scraper.tattle.co.in/35dcc525-6074-490b-98f4-2549c239c7d7.jpg,2020-07-12 22:57:02,#ЁЯМОрджреБрдирд┐рдпрд╛ рдореЗрдВ рдХреЛрд░реЛрдирд╛ рдХрд╛ реШрд╣рд░,
5f03fcab73a1944170c9609c,image,https://sharechat.com/post/keGOlX3,ЁЯдл рдлрд┐рдЯрдиреЗрд╕ рд╕реАрдХреНрд░реЗрдЯ,https://s3.ap-south-1.amazonaws.com/sharechat-scraper.tattle.co.in/98816bd2-7fa5-4961-9bb5-be527cb1d64f.jpg,2020-07-06 09:02:33,#ЁЯдл рдлрд┐рдЯрдиреЗрд╕ рд╕реАрдХреНрд░реЗрдЯ,
5e8d83c867543c82920c132a,image,https://sharechat.com/post/Ag8w5VW,ЁЯдЭрдкреАрдПрдо рдХреЗрдпрд░реНрд╕ рдлрдВрдбЁЯТ░,https://s3.ap-south-1.amazonaws.com/sharechat-scraper.tattle.co.in/43c73706-ac2f-4bd2-b622-9ca49e6b2844.jpg,2020-03-31 03:56:30,"ЁЯЩПЁЯЩП рдЗрд╕рд╕реЗ рдмреЬрд╛ рдзрд░реНрдо рдХреЛрдИ рдирд╣реА рд╣реЛрдЧрд╛,ЁЯЩПЁЯЩП
 #ЁЯдЭрдкреАрдПрдо рдХреЗрдпрд░реНрд╕ рдлрдВрдбЁЯТ░ #ЁЯШ╖рдХреЛрд░реЛрдирд╛ рд╡рд╛рдпрд░рд╕ рдЕрдкрдбреЗрдЯ #ЁЯПардХреЛрд░реЛрдирд╛ рдХреА рдХрд╣рд╛рдиреАЁЯШ╖",
5f0b95721c26156f2d0ae34e,video,https://sharechat.com/post/J5ZM658,ЁЯШ│рд░рд╛рдЬрд╕реНрдерд╛рди рд╕рд┐рдпрд╛рд╕реА рд╣рд▓рдЪрд▓,https://s3.ap-south-1.amazonaws.com/sharechat-scraper.tattle.co.in/418876c8-cf54-4542-9a63-4c3b01b8149f.mp4,2020-07-11 11:21:52,#ЁЯШ│ рдЧрд╣рд▓реЛрдд рд╕рд░рдХрд╛рд░ рдЧрд┐рд░рд╛рдиреЗ рдХреА рд╕рд╛рдЬрд┐рд╢ тЭЧ @ЁЯСЙЁЯТХЁЯТЮDesi chhoraЁЯТЮЁЯТХЁЯСИ @Aliba khan @Naina Singh,
5e7f10c229f97e176b64f077,image,https://sharechat.com/post/epV3rkA,ЁЯШ│рдХреЛрд░реЛрдирд╛: рднрд╛рд░рдд рдореЗрдВ рдПрдХ рдФрд░ рдореМрдд,https://s3.ap-south-1.amazonaws.com/sharechat-scraper.tattle.co.in/52ef402c-28a0-4300-932a-6ee21c328691.jpg,2020-03-24 10:00:18,,
5ef93f0b464ffd1002ff006b,video,https://sharechat.com/post/NmOBDXe,ЁЯУ░рдорд╣рд╛рд░рд╛рд╖реНрдЯреНрд░ рдХреА рдЦрдмрд░реЗрдВ,https://s3.ap-south-1.amazonaws.com/sharechat-scraper.tattle.co.in/29480cf7-1793-4d42-b5ac-5a558a9e117f.mp4,2020-06-25 15:53:49,#ЁЯУ░рдорд╣рд╛рд░рд╛рд╖реНрдЯреНрд░ рдХреА рдЦрдмрд░реЗрдВ,
5ee8be4f304cb6a0a9a82c7e,image,https://sharechat.com/post/zdBMQGE,ЁЯЩПрдХреЛрд░реЛрдирд╛ рд╡рд╛рдпрд░рд╕ рд╕реЗ рдмрдЪрд╛рд╡,https://s3.ap-south-1.amazonaws.com/sharechat-scraper.tattle.co.in/79120c93-cab9-4d93-bf76-dabdf52f80b5.jpg,2020-06-16 07:42:32,dosa paratha Bhatti with sigdi bbq #ЁЯШнRIP рд╕реБрд╢рд╛рдВрдд рд╕рд┐рдВрд╣ рд░рд╛рдЬрдкреВрдд #тЬКрдЖрддреНрдо рдирд┐рд░реНрднрд░ рднрд╛рд░рдд #ЁЯФКрд▓реЛрдХрд▓ рдХреЛ рд╡реЛрдХрд▓ рдХрд░реЛ #ЁЯЩПрдХреЛрд░реЛрдирд╛ рд╡рд╛рдпрд░рд╕ рд╕реЗ рдмрдЪрд╛рд╡ #ЁЯШЙрдЪрд╛рдЯ рдХреЙрд░реНрдирд░,
5effd14d5a4ec40ec61a492a,video,https://sharechat.com/post/O6DDZNB,ЁЯШФ рдбрд┐рдкреНрд░реЗрд╢рди,https://s3.ap-south-1.amazonaws.com/sharechat-scraper.tattle.co.in/9ba566da-6a10-4ca6-b567-36e9f4e5cac9.mp4,2020-07-01 08:07:45,#ЁЯТФ рджрд░реНрдж-рдП-рджрд┐рд▓ #ЁЯШФ рдбрд┐рдкреНрд░реЗрд╢рди #depression lifeЁЯШФ,
5f0d299f82e0dc93f6ff5254,video,https://sharechat.com/post/KDeqRdq,ЁЯФРрдлрд┐рд░ рд▓рдЧрд╛ рд▓реЙрдХрдбрд╛рдЙрди,https://s3.ap-south-1.amazonaws.com/sharechat-scraper.tattle.co.in/603fac7b-9b68-4046-ab0e-cfbecf3cb7b5.mp4,2020-07-13 18:46:47,#ЁЯФРрдлрд┐рд░ рд▓рдЧрд╛ рд▓реЙрдХрдбрд╛рдЙрди,
5ef3fe9ea7fa9de475f95c24,image,https://sharechat.com/post/leNyV54,ЁЯШС рдЖрдиреБрд╡рд╛рдВрд╢рд┐рдХ рд░реЛрдЧ,https://s3.ap-south-1.amazonaws.com/sharechat-scraper.tattle.co.in/02fc389c-d6f4-4553-87f8-3989e06884d7.jpg,2020-06-18 03:35:42,#ЁЯЩВ рдлрд┐рдЯрдиреЗрд╕ рдордВрддреНрд░ #ЁЯзШрдпреЛрдЧ рдЖрд╕рди #ЁЯдл рдлрд┐рдЯрдиреЗрд╕ рд╕реАрдХреНрд░реЗрдЯ #ЁЯдУрд╣реЛрдорд┐рдпреЛрдкреИрдереА рдиреБрд╕реНрдЦреЗ #ЁЯШС рдЖрдиреБрд╡рд╛рдВрд╢рд┐рдХ рд░реЛрдЧ,
5ee79566c806bbae89b8f934,image,https://sharechat.com/post/3E733el,ЁЯзРрдХреЛрд░реЛрдирд╛ : рд╕рд╡рд╛рд▓реЛрдВ рдХреЗ рдЬрд╡рд╛рдм,https://s3.ap-south-1.amazonaws.com/sharechat-scraper.tattle.co.in/13adf823-46e8-4b95-8e62-37b342917df9.jpg,2020-06-10 05:18:29,#ЁЯзРрдХреЛрд░реЛрдирд╛ : рд╕рд╡рд╛рд▓реЛрдВ рдХреЗ рдЬрд╡рд╛рдм #ЁЯЩПрдХреЛрд░реЛрдирд╛ рд╡рд╛рдпрд░рд╕ рд╕реЗ рдмрдЪрд╛рд╡ #ЁЯФКрд▓реЛрдХрд▓ рдХреЛ рд╡реЛрдХрд▓ рдХрд░реЛ #ЁЯМОрджреБрдирд┐рдпрд╛ рдореЗрдВ рдХреЛрд░реЛрдирд╛ рдХрд╛ реШрд╣рд░,
5f068bd5dcad9beab35604d0,video,https://sharechat.com/post/rNvG6y1,ЁЯЗоЁЯЗ│ рджреЗрд╢рднрдХреНрддрд┐ рд╡реАрдбрд┐рдпреЛ рдЧрд╛рдиреЗ ЁЯУ╣,https://s3.ap-south-1.amazonaws.com/sharechat-scraper.tattle.co.in/b4afcae8-a11a-4221-9307-7968272d02ad.mp4,2020-07-08 17:43:40,#ЁЯЗоЁЯЗ│ рджреЗрд╢рднрдХреНрддрд┐ рд╡реАрдбрд┐рдпреЛ рдЧрд╛рдиреЗ ЁЯУ╣,
5efc1e9e2a90437df9cdf360,image,https://sharechat.com/post/9pnlPey,ЁЯУ░рдЖрдЬ рдХрд╛ рдЕрдЦрд╝рдмрд╛рд░,https://s3.ap-south-1.amazonaws.com/sharechat-scraper.tattle.co.in/b3a81585-b281-491a-ae7f-88a90695084a.jpg,2020-07-01 04:52:44,#ЁЯУ░рдЖрдЬ рдХрд╛ рдЕрдЦрд╝рдмрд╛рд░,
5eccd33e4952620eca764b80,image,https://sharechat.com/post/9pRnK49,ЁЯШ▓рд▓реЙрдХрдбрд╛рдЙрди 4.0,https://s3.ap-south-1.amazonaws.com/sharechat-scraper.tattle.co.in/4602f202-d0b2-4306-aa9f-e5835a7a2de4.jpg,2020-05-24 15:42:26,#ЁЯФерд╡рд┐рдкрдХреНрд╖ рдкрд░ рд╡рд╛рд░ЁЯФе #тЬКрдЖрддреНрдо рдирд┐рд░реНрднрд░ рднрд╛рд░рдд #ЁЯЩПрдХреЛрд░реЛрдирд╛ рд╡рд╛рдпрд░рд╕ рд╕реЗ рдмрдЪрд╛рд╡ #ЁЯзРрдХреЛрд░реЛрдирд╛ : рд╕рд╡рд╛рд▓реЛрдВ рдХреЗ рдЬрд╡рд╛рдм #ЁЯШ▓рд▓реЙрдХрдбрд╛рдЙрди 4.0,
5eccd3e24952620eca765696,image,https://sharechat.com/post/rND5w0d,тЬНя╕Прд░рд╛рдЬрдиреАрддрд┐рдХ рдЪрд░реНрдЪрд╛рдПрдВ,https://s3.ap-south-1.amazonaws.com/sharechat-scraper.tattle.co.in/35e3eab4-d59d-49b2-93c6-88228e23bc6f.jpg,2020-05-24 05:03:28,#ЁЯСН рдореЛрджреА рдлреИрди рдХреНрд▓рдм #ЁЯШВрд░рд╛рдЬреАрдиреАрддрд┐рдХ рд╡реНрдпрдВрдЧ #тЬНя╕Прд░рд╛рдЬрдиреАрддрд┐рдХ рдЪрд░реНрдЪрд╛рдПрдВ #тЬФя╕Прднрд╛рд░рддреАрдп рдЬрдирддрд╛ рдкрд╛рд░реНрдЯреА #ЁЯФерд╡рд┐рдкрдХреНрд╖ рдкрд░ рд╡рд╛рд░ЁЯФе,
5f07e41a002c2300640a68cf,image,https://sharechat.com/post/AgJW4xa,ЁЯУ║ рджреБрдирд┐рдпрд╛ рднрд░ рдХреА реЩрдмрд░реЗрдВ,https://s3.ap-south-1.amazonaws.com/sharechat-scraper.tattle.co.in/8c964882-e582-434e-ae90-f16b4f7f11db.jpg,2020-07-09 09:01:50,#ЁЯУ║ рджреБрдирд┐рдпрд╛ рднрд░ рдХреА реЩрдмрд░реЗрдВ,
5f08e441dcfd19dc7d1c0b53,video,https://sharechat.com/post/J4lNgR5,ЁЯСЙ рдорд╛рд╣рд╡рд╛рд░реА рдХреЗ рдмрд╛рд░реЗ рдореЗрдВ рдЬрд╛рдирдХрд╛рд░реА,https://s3.ap-south-1.amazonaws.com/sharechat-scraper.tattle.co.in/3e802bfb-ee60-4874-95ba-25c24dbbc099.mp4,2020-07-08 07:18:45,#ЁЯСЙ рдорд╛рд╣рд╡рд╛рд░реА рдХреЗ рдмрд╛рд░реЗ рдореЗрдВ рдЬрд╛рдирдХрд╛рд░реА,
5eccd4264952620eca765b7d,image,https://sharechat.com/post/J4A0XN0,ЁЯШВрд░рд╛рдЬреАрдиреАрддрд┐рдХ рд╡реНрдпрдВрдЧ,https://s3.ap-south-1.amazonaws.com/sharechat-scraper.tattle.co.in/3bae2bbe-3840-439f-9b2c-2157acf790bf.jpg,2020-05-22 15:27:36,#ЁЯШВрд░рд╛рдЬреАрдиреАрддрд┐рдХ рд╡реНрдпрдВрдЧ #ЁЯЗоЁЯЗ│ рд░рд╛рдЬрдиреАрддрд┐рдХ рдЕрдЦрд╛рдбрд╝рд╛ тЬНя╕П,
5eccd3864952620eca765020,video,https://sharechat.com/post/3EWAyRm,ЁЯУИрд╡реНрдпрд╛рдкрд╛рд░ рдЬрдЧрдд рдХреА рдЦрдмрд░реЗрдВ,https://s3.ap-south-1.amazonaws.com/sharechat-scraper.tattle.co.in/207b565a-385a-46f9-a60f-d2ad3f5a0cbb.mp4,2020-05-02 06:51:25,#ЁЯФР рдЧреНрд░реБрдк: рд╕рдВрдШрд░реНрд╖ рдиреНрдпреВрдЬ рдЧреНрд░реБрдк #ЁЯУИрд╡реНрдпрд╛рдкрд╛рд░ рдЬрдЧрдд рдХреА рдЦрдмрд░реЗрдВ #ЁЯМР рд░рд╛рд╖реНрдЯреНрд░реАрдп-рдЕрдВрддрд░рд╛рд╖реНрдЯреНрд░реАрдп рдЦрдмрд░реЗрдВ #ЁЯУ░ рд╕рдорд╛рдЪрд╛рд░ рдПрд╡рдВ рдиреНрдпреВреЫ рдкреЗрдкрд░ рдХреНрд▓рд┐рдк #ЁЯУ╣ рд╡рд╛рдпрд░рд▓ рд╡реАрдбрд┐рдпреЛ,
5f0e3ce3f01a30300e739f38,image,https://sharechat.com/post/G7yKzjb,ЁЯШарднрдЧрд╡рд╛рди рд░рд╛рдо рдкрд░ рдиреЗрдкрд╛рд▓реА PM,https://s3.ap-south-1.amazonaws.com/sharechat-scraper.tattle.co.in/768fba1a-9fdd-48a0-86cd-1d2ea9634ced.jpg,2020-07-13 19:16:37,#ЁЯШарднрдЧрд╡рд╛рди рд░рд╛рдо рдкрд░ рдиреЗрдкрд╛рд▓реА PM,
5f0a332401c7a068cc40912a,image,https://sharechat.com/post/4JwGZkB,ЁЯЗоЁЯЗ│ рд░рд╛рдЬрдиреАрддрд┐рдХ рдЕрдЦрд╛рдбрд╝рд╛ тЬНя╕П,https://s3.ap-south-1.amazonaws.com/sharechat-scraper.tattle.co.in/c63ef1ae-4045-4c70-8e6c-0648f40ba69b.jpg,2020-07-11 10:05:54,#ЁЯЗоЁЯЗ│ рд░рд╛рдЬрдиреАрддрд┐рдХ рдЕрдЦрд╛рдбрд╝рд╛ тЬНя╕П,
5f07958a9e1c10d1eb30a658,video,https://sharechat.com/post/Vvm9eKZ,ЁЯдУрд╣реЛрдорд┐рдпреЛрдкреИрдереА рдиреБрд╕реНрдЦреЗ,https://s3.ap-south-1.amazonaws.com/sharechat-scraper.tattle.co.in/a2115220-e591-4b1f-9d2a-55b15c053217.mp4,2020-03-15 19:04:19,,
5f04fe2ef86c5c1eb35bdacc,video,https://sharechat.com/post/m6qOMgv,тЬК рднрд╛рд░рдд рдореЗрдВ рдмрджрд▓рд╛рд╡,https://s3.ap-south-1.amazonaws.com/sharechat-scraper.tattle.co.in/8a09d6c8-1c4d-4d22-9f5e-573944452179.mp4,2020-06-28 13:10:45,"рдорд╛рдерд╛ рдардирдХ рд░рд╣рд╛ рд╣реИ рдХрд╣реАрдВ рди рдХрд╣реАрдВ рдХреБрдЫ рдЧрдбрдмрдб рдЬрд░реВрд░ рд╣реИ рдЬреЛ рдХрд▓ рддрдХ рдХрд╛рд▓рд╛ рдзрди, рднреНрд░рд╖реНрдЯрд╛рдЪрд╛рд░, рдкреЗрдЯреНрд░реЛрд▓ - рдбреАрдЬрд▓ рдХреЗ рдирд╛рдо рдкрд░ рдЖрдо рдЬрдирддрд╛  рдХреЗ рд╕рд╛рдордиреЗ рдкрд┐рдЫрд▓реА рд╕рд░рдХрд╛рд░ рдХреЛ рдкрд╛рдиреА рдкреА рдкреА рдХрд░ рдХреЛрд╕ рд░рд╣реЗ рдереЗ, рдЕрдм рд▓рдЧрд╛рддрд╛рд░ 21 рджрд┐рдиреЛрдВ рд╕реЗ рдкреЗрдЯреНрд░реЛрд▓ рдбреАрдЬрд▓ рдХреЗ рджрд╛рдореЛрдВ рдореЗрдВ рд╡реГрджреНрдзрд┐ рдХрд░, рд╕рд╛рд░реЗ рд╕рд░рдХрд╛рд░реА рдЙрдкрдХреНрд░рдо/ рдХрдореНрдкрдирд┐рдпрд╛рдВ рдмреЗрдЪ рд░рд╣реЗ рд╣реИрдВ рд▓реЗрдХрд┐рди рдореБрдВрд╣ рд╕реЗ рдПрдХ рдмреЛрд▓ рддрдХ рдирд╣реАрдВ рдирд┐рдХрд▓ рд░рд╣рд╛ ?
     рдЗрд╕рдХрд╛ рдХреНрдпрд╛ рдЕрдиреБрдорд╛рди рд▓рдЧрд╛рдпрд╛ рдЬрд╛рдП ?
 #тЬК рднрд╛рд░рдд рдореЗрдВ рдмрджрд▓рд╛рд╡",
5f0a331601c7a068cc408ecd,image,https://sharechat.com/post/EwnOE5y,ЁЯУ░рдордзреНрдп рдкреНрд░рджреЗрд╢ рдХреА реЩрдмрд░реЗрдВ,https://s3.ap-south-1.amazonaws.com/sharechat-scraper.tattle.co.in/a32696d9-7618-49f9-81e3-627a7695a846.jpg,2020-07-06 16:58:15,#ЁЯУ░рдордзреНрдп рдкреНрд░рджреЗрд╢ рдХреА реЩрдмрд░реЗрдВ,
5e82ec3fb7a756f580acf8a9,video,https://sharechat.com/post/QmXwme8,ЁЯдзрдХреЛрд░реЛрдирд╛ рд╡рд╛рдпрд░рд╕: рдлреЗрдХ рдиреНрдпреВрдЬрд╝ рд╕реЗ рдмрдЪреЗрдВ ,https://s3.ap-south-1.amazonaws.com/sharechat-scraper.tattle.co.in/81c02302-59b0-4e09-b740-eeb64a92390f.mp4,2020-03-25 11:43:49,,
5eccd34a4952620eca764c71,image,https://sharechat.com/post/GQA5AZm,ЁЯШ▓рд▓реЙрдХрдбрд╛рдЙрди 4.0,https://s3.ap-south-1.amazonaws.com/sharechat-scraper.tattle.co.in/6fff26a5-865d-4882-bde5-d5eb42f17833.jpg,2020-05-24 03:00:13,#ЁЯШ▓рд▓реЙрдХрдбрд╛рдЙрди 4.0 #ЁЯШ╖Covid-19,
5f0795759e1c10d1eb30a2b1,image,https://sharechat.com/post/yplmale,ЁЯУ░ рдЦрдмрд░реЗ: рдореЗрд░реЗ рдЗрд▓рд╛рдХреЗ рдХреА,https://s3.ap-south-1.amazonaws.com/sharechat-scraper.tattle.co.in/b191806c-1b07-4ebe-be0c-cc01ae4a7506.jpg,2020-07-03 15:11:54,#ЁЯУ░ рдЦрдмрд░реЗ: рдореЗрд░реЗ рдЗрд▓рд╛рдХреЗ рдХреА,
5ea6ab3a69a35b056a6019a0,image,https://sharechat.com/post/8ndOQBM,ЁЯМР рд░рд╛рд╖реНрдЯреНрд░реАрдп-рдЕрдВрддрд░рд╛рд╖реНрдЯреНрд░реАрдп рдЦрдмрд░реЗрдВ,https://s3.ap-south-1.amazonaws.com/sharechat-scraper.tattle.co.in/7cf1d15a-2505-4802-8a97-454fd3ab9f76.jpg,2020-04-25 03:47:53,#ЁЯМР рд░рд╛рд╖реНрдЯреНрд░реАрдп-рдЕрдВрддрд░рд╛рд╖реНрдЯреНрд░реАрдп рдЦрдмрд░реЗрдВ #ЁЯУ░ рд╕рдорд╛рдЪрд╛рд░ рдПрд╡рдВ рдиреНрдпреВреЫ рдкреЗрдкрд░ рдХреНрд▓рд┐рдк,
5ef239da9e8d689b72ef2ba5,video,https://sharechat.com/post/5ZJepyN,ЁЯЗоЁЯЗ│ рджреЗрд╢рднрдХреНрддрд┐ рд╕реНрдЯреЗрдЯрд╕,https://s3.ap-south-1.amazonaws.com/sharechat-scraper.tattle.co.in/35c35714-5c96-484c-bff2-13d65cc1d4f7.mp4,2020-06-23 10:59:54,#ЁЯЗоЁЯЗ│ рджреЗрд╢рднрдХреНрддрд┐ рд╕реНрдЯреЗрдЯрд╕,
5f04fe2ff86c5c1eb35bdae9,video,https://sharechat.com/post/gbQ436b,ЁЯЪЧЁЯзЧЁЯП╗рднрд╛рд░рдд рднреНрд░рдордг рд╡ рд╕рдлрд░ рдкреНрд░реЗрдореА рдЧреНрд░реБрдкЁЯЪВтЫ░,https://s3.ap-south-1.amazonaws.com/sharechat-scraper.tattle.co.in/5072ed95-1fca-468a-a453-8e184d0e37cb.mp4,2020-07-05 15:30:14,#ЁЯЪЧЁЯзЧЁЯП╗рднрд╛рд░рдд рднреНрд░рдордг рд╡ рд╕рдлрд░ рдкреНрд░реЗрдореА рдЧреНрд░реБрдкЁЯЪВтЫ░,
5f0b95851c26156f2d0ae68f,image,https://sharechat.com/post/ypZezyN,ЁЯдУрд╣реЛрдорд┐рдпреЛрдкреИрдереА рдиреБрд╕реНрдЦреЗ,https://s3.ap-south-1.amazonaws.com/sharechat-scraper.tattle.co.in/db1a119f-c9a8-47de-9d2f-6004e3873313.jpg,2020-06-09 05:30:38,#ЁЯдУрд╣реЛрдорд┐рдпреЛрдкреИрдереА рдиреБрд╕реНрдЦреЗ,
5ed5e36a22673eb96a2d41db,image,https://sharechat.com/post/J4AVJaV,ЁЯУ║ рджреБрдирд┐рдпрд╛ рднрд░ рдХреА реЩрдмрд░реЗрдВ,https://s3.ap-south-1.amazonaws.com/sharechat-scraper.tattle.co.in/2bd6b0ea-651e-4211-8b88-e08f3145bea6.jpg,2020-05-24 14:31:56,"рдЬреЛ рд▓реЛрдЧ рдХрд╣рддреЗ рд╣реИ рдореЛрджреА рдмреЛрд▓рддреЗ рдирд╣реАрдВ рд╣реИ, рдореЛрджреА рдиреЗ рдХрдм рдХрдм рдФрд░ рдХреНрдпрд╛ рдХреНрдпрд╛ рдмреЛрд▓рд╛ рд╣реИ рдпрд╛рдж рд╣реИ рдЖрдкрдХреЛ..ЁЯСЗЁЯП╗

рджрд┐рд▓реНрд▓реА рдЪреБрдирд╛рд╡ рд╕реЗ рдареАрдХ рдкрд╣рд▓реЗ рдореЛрджреА рдиреЗ рдмреЛрд▓рд╛, рдЗрд╕ рдорд╛рдирд╕рд┐рдХрддрд╛ рдХреЛ рдпрд╣реАрдВ рд░реЛрдХрдирд╛ рдЬрд░реВрд░реА рд╣реИред рд╕рд╛рдЬрд╝рд┐рд╢ рд░рдЪрдиреЗ рд╡рд╛рд▓реЛрдВ рдХреА рддрд╛рдХрдд рдмрдврд╝реА рддреЛ рдлрд┐рд░ рдХрд▓ рдХрд┐рд╕реА рдФрд░ рд╕рдбрд╝рдХ рдХрд┐рд╕реА рдФрд░ рдЧрд▓реА рдХреЛ рд░реЛрдХрд╛ рдЬрд╛рдПрдЧрд╛ред рд╣рдо рджрд┐рд▓реНрд▓реА рдХреЛ рдЗрд╕ рдЕрд░рд╛рдЬрдХрддрд╛ рдореЗрдВ рдирд╣реАрдВ рдЫреЛрдбрд╝ рд╕рдХрддреЗред рдЗрд╕рдХреЛ рд░реЛрдХрдиреЗ рдХрд╛ рдХрд╛рдо рд╕рд┐рд░реНрдл рджрд┐рд▓реНрд▓реА рдХреЗ рд▓реЛрдЧ рдХрд░ рд╕рдХрддреЗ рд╣реИред рднрд╛рдЬрдкрд╛ рдХреЛ рджрд┐рдпрд╛ рд╣рд░ рд╡реЛрдЯ рдпреЗ рдХрд░рдиреЗ рдХреА рддрд╛рдХрдд рд░рдЦрддрд╛ рд╣реИред

рдореЛрджреА рдиреЗ рдмреЛрд▓рд╛, рд╕рдВрд╡рд┐рдзрд╛рди рдФрд░ рддрд┐рд░рдВрдЧрд╛ рд╣рд╛рде рдореЗрдВ рд▓реЗрдХрд░ рдпреЗ рд▓реЛрдЧ рдЖрдЧрдЬрдиреА рдХрд░ рд░рд╣реЗ, рддреЛрдбрд╝рдлреЛрдбрд╝ рдХрд░ рд░рд╣реЗ.. рдЗрдирдХреЛ рдЗрдирдХреЗ рдХрдкрдбрд╝реЛрдВ рд╕реЗ рдкрд╣рдЪрд╛рдирд╛ рдЬрд╛ рд╕рдХрддрд╛ рд╣реИ.. рд╕рдВрд╡рд┐рдзрд╛рди рдХреЛ рдмрдЪрд╛рдиреЗ рдХреА рдмрд╛рдд рдХрд░рдиреЗ рд╡рд╛рд▓реЗ рд▓реЛрдЧ рд╕реБрдкреНрд░реАрдо рдХреЛрд░реНрдЯ рдХреЛ рдирд╣реАрдВ рдорд╛рдирддреЗ..

рдореЛрджреА рдиреЗ рдХреБрдЫ рджрд┐рди рдкрд╣рд▓реЗ рдмреЛрд▓рд╛, рдХреБрдЫ рд▓реЛрдЧреЛрдВ рдХрд╛ рд╡рд┐рд╢реНрд╡рд╛рд╕ рд╣рдо рдХрднреА рдирд╣реАрдВ рдкреНрд░рд╛рдкреНрдд рдХрд░ рдкрд╛рдПрдВрдЧреЗ рддреЛ рдмреЗрд╣рддрд░ рдпрд╣реА рд╣реИ рдХрд┐ рдРрд╕реЗ рд▓реЛрдЧреЛрдВ рдХреЛ рдЫреЛрдбрд╝рдХрд░ рдЖрдЧреЗ рдмрдврд╝рд╛ рдЬрд╛рдП..

рдореЛрджреА рдиреЗ рдХрд╣рд╛ рдерд╛, рдореИ рдЗрди рд▓реЛрдЧреЛ рдХреА рд╕рд╛рд░реА рд╕рд╛рдЬрд┐рд╢реЛрдВ рдХреЛ рдирд╛рдХрд╛рдордпрд╛рдм рдХрд░ рд░рд╣рд╛ рд╣реВрдВ рддрд╛рдХрд┐ рджреЗрд╢ рдХрд╛рдордпрд╛рдм рд╣реЛ рд╕рдХреЗ..

рдореЛрджреА рдиреЗ рдирд╛рдЧрд░рд┐рдХрддрд╛ рд╕рдВрд╢реЛрдзрди рдХрд╛рдиреВрди рдкрд░ рдмреЛрд▓рд╛, рд╢рд░рдгрд╛рд░реНрдерд┐рдпреЛрдВ рдФрд░ рдШреБрд╕рдкреИрдард┐рдпреЛрдВ рдореЗрдВ рдлрд░реНрдХ рд╣реЛрддрд╛ рд╣реИ, рджреЗрд╢ рдХрд╛ рд╡рд┐рднрд╛рдЬрди рдзрд░реНрдо рдХреЗ рдЖрдзрд╛рд░ рдкрд░ рд╣реБрдЖ рдерд╛..

рдореЛрджреА рдиреЗ 2017 рдЪреБрдирд╛рд╡ рдХреЗ рд╕рдордп рдмреЛрд▓рд╛, рдореИ рдЖрдкрдХреЗ рд▓рд┐рдП рд▓рдбрд╝рд╛рдИ рд▓рдбрд╝ рд░рд╣рд╛ рд╣реВрдВ, рд╕рд╡рд╛ рд╕реМ рдХрд░реЛрдбрд╝ рджреЗрд╢рд╡рд╛рд╕реА рд╣реА рдореЗрд░рд╛ рдкрд░рд┐рд╡рд╛рд░ рд╣реИ.. 

рдореЛрджреА рдиреЗ рдиреЛрдЯ рдмрдВрджреА рдХреЗ рд╕рдордп рдмреЛрд▓рд╛, рдЖрдк рдирд╣реАрдВ рдЬрд╛рдирддреЗ рдореИрдВрдиреЗ рдХреИрд╕реА рдХреИрд╕реА рддрд╛рдХрддреЛрдВ рд╕реЗ рд▓рдбрд╝рд╛рдИ рдореЛрд▓ рд▓реА рд╣реИ.. рдпреЗ рд▓реЛрдЧ рдореБрдЭреЗ рдЬрд┐рдВрджрд╛ рдирд╣реАрдВ рдЫреЛрдбрд╝реЗрдВрдЧреЗ.. рдореЗрд░рд╛ рд╕рд╛рде рджреАрдЬрд┐рдП..

рдХреБрдЫ рдореВрд░реНрдЦ рдХрд╣рддреЗ рд╣реИ рдХрд┐ рдореЛрджреА рдХреЛ рдиреЛрдмрд▓ рдЪрд╛рд╣рд┐рдП... рдореЛрджреА рдиреЗ рдХрдИ рдмрд╛рд░ рдХрд╣рд╛, рди рддреНрд╡рд╣рдВ рдХрд╛рдордпреЗ рд░рд╛рдЬреНрдпрдВ рди рдореЛрдХреНрд╖рдореН рдирд╛рдкреБрдирд░реНрднрд╡рдореН ред
рдХрд╛рдордпреЗ рджреБрдГрдЦрддрдкреНрддрд╛рдирд╛рдВ рдкреНрд░рд╛рдгрд┐рдирд╛рдорд╛рд░реНрддрд┐рдирд╛рд╢рдирдореН рее рдЬрд┐рд╕ рд╡реНрдпрдХреНрддрд┐ рдиреЗ рд░рд╛рд╖реНрдЯреНрд░ рд╕реЗрд╡рд╛ рдХреЗ рд▓рд┐рдП рдЕрдкрдирд╛ рдЬреАрд╡рди рд╕рдорд░реНрдкрд┐рдд рдХрд░ рджрд┐рдпрд╛, рдЬреЛ рдХрд╣рддрд╛ рд╣реИ, рд╣рдо рдлрдХреАрд░ рд╣реИ рдореЗрд░рд╛ рдХреНрдпрд╛ рдмрд┐рдЧрд╛рдбрд╝ рд▓реЛрдЧреЗ? рд╣рдо рдЭреЛрд▓рд╛ рд▓реЗрдХрд░ рдЪрд▓реЗ рдЬрд╛рдПрдВрдЧреЗ.. рдРрд╕реЗ рддреНрдпрд╛рдЧреА рд╡реНрдпрдХреНрддрд┐ рдХреЛ рдХреБрдЫ рдореВрд░реНрдЦ рдиреЛрдмрд▓ рдкрд┐рдкрд╛рд╕реБ рдХрд╣рддреЗ рд╣реИ..

рдореЛрджреА рдиреЗ рдХрд╣рд╛, рдЬреЛ рдореБрдЭреЗ рдЧрд╛рд▓реА рджреЗрддреЗ рд╣реИ, рдкрддреНрдерд░ рдлреЗрдХрддреЗ рд╣реИ рдореИ рдЙрдиреНрд╣реАрдВ рд╕реЗ рд╕реАрдврд┐рдпрд╛рдВ рдмрдирд╛ рд▓реЗрддрд╛ рд╣реВрдВ рдФрд░ рдЖрдЧреЗ рдмрдврд╝рддрд╛ рдЬрд╛рддрд╛ рд╣реВрдВ.. рдореБрдЭреЗ рдореЛрджреА рдХреА рдЫрд╡рд┐ рдЪрдордХрд╛рдиреЗ рдореЗрдВ рдЗрдВрдЯрд░реЗрд╕реНрдЯ рдирд╣реАрдВ рд╣реИ, рд╣рд┐рдВрджреБрд╕реНрддрд╛рди рдХреА рдЫрд╡рд┐ рдЪрдордХрд╛рдиреЗ рдХреЗ рд▓рд┐рдП рдЬрд┐рдВрджрдЧреА рдЦрдкрд╛рдиреЗ рдореЗрдВ рдЗрдВрдЯрд░реЗрд╕реНрдЯ рд╣реИ.. рдЗрддрд┐рд╣рд╛рд╕ рдореЗрдВ рдЕрдорд░ рд╣реЛрдиреЗ рдХреЗ рд▓рд┐рдП рди рдореИ рдкреИрджрд╛ рд╣реБрдЖ рди рдореЗрд░рд╛ рдХреЛрдИ рдордХрд╕рдж рд╣реИ.. рдордХрд╕рдж рд╣реИ рддреЛ рд╕рд┐рд░реНрдл рдПрдХ рдореЗрд░рд╛ рджреЗрд╢ рдЕрдЬрд░ рдЕрдорд░ рд░рд╣реЗ..

рдореЛрджреА рдиреЗ рд╕рдВрдХрд▓реНрдк рд▓реЗрдХрд░ рдХрд╣рд╛ рдерд╛, рд╕реМрдЧрдВрдз рдореБрдЭреЗ рдЗрд╕ рдорд┐рдЯреНрдЯреА рдХреА рдореИ рджреЗрд╢ рдирд╣реАрдВ рдорд┐рдЯрдиреЗ рджреВрдВрдЧрд╛ рдореИ рджреЗрд╢ рдирд╣реАрдВ рдЭреБрдХрдиреЗ рджреВрдВрдЧрд╛ рдореИ рджреЗрд╢ рдирд╣реАрдВ рд░реБрдХрдиреЗ рджреВрдВрдЧрд╛.. рдореЗрд░рд╛ рд╡рдЪрди рд╣реИ рднрд╛рд░рдд рдорд╛рдВ рдХреЛ рддреЗрд░рд╛ рд╢реАрд╢ рдирд╣реАрдВ рдЭреБрдХрдиреЗ рджреВрдВрдЧрд╛.. рд╡реЛ рдЪрд╛рд╣рддреЗ рд╣реИ рди рдЬрд╛рдЧреЗ рдХреЛрдИ рдпреЗ рд░рд╛рдд рдпреЗ рдЕрдВрдзрдХрд╛рд░ рдЪрд▓реЗ рд╣рд░ рдХреЛрдИ рднрдЯрдХрддрд╛ рд░рд╣реЗ рдпреВрдВрд╣реА рдФрд░ рджреЗрд╢ рдпреВрдВрд╣реА рд▓рд╛рдЪрд╛рд░ рдЪрд▓реЗ.. рдЗрд╕ рдЫрд▓ рдлрд░реЗрдм рдХреА рдЖрдВрдзреА рдореЗрдВ рдореИ рджреАрдк рдирд╣реАрдВ рдмреБрдЭрдиреЗ рджреВрдВрдЧрд╛..

рдХрд▓ рдореИрдВрдиреЗ рдХрд╣рд╛ рдерд╛ рдХрд┐ рдХрднреА рдХрднреА рд╕реИрдирд┐рдХреЛрдВ рдХрд╛ рдЙрддреНрд╕рд╛рд╣ рдиреЗрддреГрддреНрд╡ рдХреЛ рднреА рдЙрддреНрд╕рд╛рд╣рд┐рдд рдХрд░рддрд╛ рд╣реИ.. рдЕрдм рдЗрд╕рдХрд╛ рдПрдХ рдкреНрд░рдорд╛рдг рджреЗрддрд╛ рд╣реВрдВ..

рджреЗрд╢ рдХреЗ рдЧрджреНрджрд╛рд░реЛрдВ рдХреЛ ..... : рдЕрдиреБрд░рд╛рдЧ рдард╛рдХреБрд░ рдиреЗ рджрд┐рд▓реНрд▓реА рдореЗрдВ рдЪреБрдирд╛рд╡реА рд░реИрд▓реА рдореЗрдВ рдордВрдЪ рд╕реЗ рдХрд╣рд╛.. рдХреНрдпреЛрдВ рдХрд╣рд╛ ?? рдХреНрдпреЛрдВрдХрд┐ рд╕реИрдирд┐рдХ рдпрд╛рдиреА рдХрд╛рд░реНрдпрдХрд░реНрддрд╛ рдФрд░ рд╕рдорд░реНрдердХреЛрдВ рдореЗрдВ рдЙрддреНрд╕рд╛рд╣ рдерд╛.. рдЖрдкрдХреЗ рдЙрддреНрд╕рд╛рд╣ рд╕реЗ рдиреЗрддрд╛ рднреА рдЙрддреНрд╕рд╛рд╣рд┐рдд рд╣реБрдЖ.. 

рдЖрдкрдиреЗ рдореЛрджреА рдХреА рдмрд╛рддреЛрдВ рдХреЛ рдХрд┐рддрдиреЗ рдзреНрдпрд╛рди рд╕реЗ рд╕реБрдирд╛ рдФрд░ рдЙрд╕рдореЗ рд╕реЗ рдХреНрдпрд╛ рдЖрддреНрдорд╕рд╛рдд рдХрд┐рдпрд╛ рдпрд╣ рдорд╛рдпрдиреЗ рд░рдЦрддрд╛ рд╣реИ... рдШрдбрд╝реА рдШрдбрд╝реА рдкреЗрдВрдбреБрд▓рдо рдХреА рддрд░рд╣ рдбреЛрд▓рдирд╛ рдХреНрдпрд╛ рд░рд╛рд╖реНрдЯреНрд░рд╡рд╛рджреА рдпрд╛ рдореЛрджреА рднрдХреНрддреЛ рдХреЛ рд╢реЛрднрд╛ рджреЗрддрд╛ рд╣реИ? ЁЯЩД

#TrustNaMo #ModiMatters #ЁЯУ║ рджреБрдирд┐рдпрд╛ рднрд░ рдХреА реЩрдмрд░реЗрдВ #ЁЯМР рд░рд╛рд╖реНрдЯреНрд░реАрдп-рдЕрдВрддрд░рд╛рд╖реНрдЯреНрд░реАрдп рдЦрдмрд░реЗрдВ #ЁЯЩП рдзрд░реНрдо-рдХрд░реНрдо #ЁЯУ░ рд╕рдорд╛рдЪрд╛рд░ рдПрд╡рдВ рдиреНрдпреВреЫ рдкреЗрдкрд░ рдХреНрд▓рд┐рдк #ЁЯСН рдореЛрджреА рдлреИрди рдХреНрд▓рдм",
5eccd4584952620eca765ef1,image,https://sharechat.com/post/41vQRW3,ЁЯЗоЁЯЗ│ рд░рд╛рдЬрдиреАрддрд┐рдХ рдЕрдЦрд╛рдбрд╝рд╛ тЬНя╕П,https://s3.ap-south-1.amazonaws.com/sharechat-scraper.tattle.co.in/0e472763-e651-4ed2-b2b7-af13d28073b0.jpg,2020-05-17 07:02:22,#ЁЯУ░ рд╕рдорд╛рдЪрд╛рд░ рдПрд╡рдВ рдиреНрдпреВреЫ рдкреЗрдкрд░ рдХреНрд▓рд┐рдк #ЁЯУ░ рдЫрддреНрддреАрд╕рдЧреЭ рдиреНрдпреВреЫ #ЁЯЗоЁЯЗ│ рд░рд╛рдЬрдиреАрддрд┐рдХ рдЕрдЦрд╛рдбрд╝рд╛ тЬНя╕П,
5ef6a478afedc306889bfa24,image,https://sharechat.com/post/WOADyWO,ЁЯЪлрдХреЛрд░реЛрдирд┐рд▓ рдкрд░ рд╡рд┐рд╡рд╛рдж,https://s3.ap-south-1.amazonaws.com/sharechat-scraper.tattle.co.in/e57c4697-b449-4759-9bd8-809b0f7b4d7b.jpg,2020-06-26 12:26:43,#ЁЯЪлрдХреЛрд░реЛрдирд┐рд▓ рдкрд░ рд╡рд┐рд╡рд╛рдж,
5f0645ec2ab2de0bd2d6e3bc,video,https://sharechat.com/post/gb6444J,ЁЯй╕ рдмреНрд▓рдб рдкреНрд░реЗрд╢рд░,https://s3.ap-south-1.amazonaws.com/sharechat-scraper.tattle.co.in/33e460cb-bf17-4889-b9e4-11648c96e3c6.mp4,2020-05-18 14:31:05,Blood pressure high kyu hota hai?.................................... #ЁЯй╕ рдмреНрд▓рдб рдкреНрд░реЗрд╢рд░,
5f03cad89dec2b8c91577d31,image,https://sharechat.com/post/0DQX74G,ЁЯЪирдХреЛрд░реЛрдирд╛ реЫреЛрди рдЕрдкрдбреЗрдЯ,https://s3.ap-south-1.amazonaws.com/sharechat-scraper.tattle.co.in/a6401683-601c-4a2c-95ae-81d631b83c51.jpg,2020-07-02 10:25:27,рдХреЛрд░реЛрдирд╛ тАМрдЕрдкрдбреЗрдЯ #ЁЯЪирдХреЛрд░реЛрдирд╛ реЫреЛрди рдЕрдкрдбреЗрдЯ,
5f0a334001c7a068cc4095d9,text,https://sharechat.com/post/3Ebk7Vl,ЁЯдЧ рдЕрдЪреНрдЫреА рд╕реЗрд╣рдд рдХрд╛ рд░рд╛рдЬ,https://s3.ap-south-1.amazonaws.com/sharechat-scraper.tattle.co.in/1f310126-94bf-455d-8373-73e9f2f260ab.txt,2020-04-05 04:49:11,,#ЁЯдЧ рдЕрдЪреНрдЫреА рд╕реЗрд╣рдд рдХрд╛ рд░рд╛рдЬ 
5eccd4b34952620eca76657a,image,https://sharechat.com/post/jrgM31N,ЁЯУ░рднрд╛рд░рдд рдиреНрдпреВреЫ ЁЯЧЮ,https://s3.ap-south-1.amazonaws.com/sharechat-scraper.tattle.co.in/51692817-6c0a-4a70-93a2-09ffaacccbf4.jpg,2020-05-23 03:32:40,"https://youtu.be/AE465stku3w #тЩе рднрд╛рд░рддреАрдп рд╢реЗрдпрд░рдЪреИрдЯ #ЁЯжарднрд╛рдЧ рдХреЛрд░реЛрдирд╛ Game #ЁЯФРрд▓реЙрдХрдбрд╛рдЙрди рдЕрднреА реЫрд┐рдВрджрд╛ рд╣реИЁЯС╗ #ЁЯУ░рднрд╛рд░рдд рдиреНрдпреВреЫ ЁЯЧЮ  ЁЯЪи рдирдХреНрдХреА рдкрд╣рд╛... SK Times news ЁЯЪиSK рдЯрд╛рдИрдореНрд╕ рдиреНрдпреБрдЬ ЁЯЪи PLEASE 
ЁЯСЙ Subscribe ЁЯСН like ЁЯСМ shareЁЯдЭ MY CHANNEL #ЁЯУ░рдЖрдЬ рдХрд╛ рдЕрдЦрд╝рдмрд╛рд░",
5ef3feb5a7fa9de475f96033,image,https://sharechat.com/post/J4j7JBZ,ЁЯЪЧЁЯзЧЁЯП╗рднрд╛рд░рдд рднреНрд░рдордг рд╡ рд╕рдлрд░ рдкреНрд░реЗрдореА рдЧреНрд░реБрдкЁЯЪВтЫ░,https://s3.ap-south-1.amazonaws.com/sharechat-scraper.tattle.co.in/3b9d390c-4e83-493a-af8f-b77d866ad8a5.jpg,2020-06-24 14:45:57,#ЁЯЪЧЁЯзЧЁЯП╗рднрд╛рд░рдд рднреНрд░рдордг рд╡ рд╕рдлрд░ рдкреНрд░реЗрдореА рдЧреНрд░реБрдкЁЯЪВтЫ░,
5f092bbd659f3b31342f8e0b,image,https://sharechat.com/post/0lP8vmn,ЁЯУ░ рдмрд┐рд╣рд╛рд░ рдХреА рдЦрдмрд░реЗрдВ,https://s3.ap-south-1.amazonaws.com/sharechat-scraper.tattle.co.in/68e227ae-ad6c-4e1f-ad1f-c57a6ec15fab.jpg,2020-07-10 04:06:11,#тШФрдорд╛рдирд╕реВрди рдХреА рдмрд╛рд░рд┐рд╢ #ЁЯУ░рдЖрдЬ рдХрд╛ рдЕрдЦрд╝рдмрд╛рд░ #ЁЯУ░ рдмрд┐рд╣рд╛рд░ рдХреА рдЦрдмрд░реЗрдВ,
